PART#,"PRICE Rs.",URL,NAME
5381,320.00,https://www.sunrom.com/m/5381,"N76E003 - N76E003AT20 Nuvoton Development Board"
3774,850.00,https://www.sunrom.com/m/3774,"Altera USB Blaster - ByteBlaster II CPLD FPGA Download Cable JTAG Chain Debugger"
5382,1500.00,https://www.sunrom.com/m/5382,"NULINK - Nu-Link - Nuvoton - ICP - SWD - USB Programmer"
5375,45.00,https://www.sunrom.com/m/5375,"N76E003 - N76E003AT20 - Nuvoton - TSSOP20 - 1T-8051 - 16MHz - 12 bit ADC - 2x UART"
5391,1.00,https://www.sunrom.com/m/5391,"1N4148 - 1N4148WS - T4 - SMD - SOD123 (1206)"
4569,15.00,https://www.sunrom.com/m/4569,"HT9200A - SOIC8 - Holtek - DTMF Tone Generator IC"
4481,175.00,https://www.sunrom.com/m/4481,"1 Channel Capacitive Touch Module - TTP223"
4834,350.00,https://www.sunrom.com/m/4834,"MAX9814 Microphone Amplifier AGC Auto Gain Control"
4808,300.00,https://www.sunrom.com/m/4808,"STM32F105RBT6 - USB Host - ARM M3"
5407,22.00,https://www.sunrom.com/m/5407,"TJ232ED - TJ232 - HTC (Equivalent MAX232) - SMD SOIC16"
5278,35.00,https://www.sunrom.com/m/5278,"USB Enclosure - Black Translucent"
5403,27.00,https://www.sunrom.com/m/5403,"MAX491 MAX491CSD MAX491ESD - SOIC14 - RS485 - RS422 Transceiver"
5537,35.00,https://www.sunrom.com/m/5537,"RPR220 - Infrared Optical Reflective Type Photosensor (Photoreflector)"
5536,450.00,https://www.sunrom.com/m/5536,"OLED Display Board 0.96"" 128x64 White SPI - 7 Pins - SSD1306"
5535,450.00,https://www.sunrom.com/m/5535,"OLED Display Board 0.96"" 128x64 White I2C - 4 Pins - SSD1306"
5360,75.00,https://www.sunrom.com/m/5360,"USB 3.0 B-type Female 9 Pin 90 Deg Right Angle PCB Mount"
4830,20.00,https://www.sunrom.com/m/4830,"USB 2.0 - A-Type Female - 4 pin - DIY Wire Solder - Black"
5395,25.00,https://www.sunrom.com/m/5395,"USB 3.0 A-type Female - Right Angle - Through Hole - PCB Mount - 9 pins"
5362,25.00,https://www.sunrom.com/m/5362,"USB 3.1 Type-C 6pin for Power/Charging - Reversible"
5365,35.00,https://www.sunrom.com/m/5365,"USB 3.1 Type-C 16pin Reversible"
5401,20.00,https://www.sunrom.com/m/5401,"Micro USB 2.0 - 5 pin - DIY Wire Solder - White"
5384,20.00,https://www.sunrom.com/m/5384,"USB 2.0 - A-Type Plug Male - 4 pin - DIY Wire Solder - Black"
5534,65.00,https://www.sunrom.com/m/5534,"HR202L - HR202 - Humidity sensitive resistor"
5479,65.00,https://www.sunrom.com/m/5479,"HCPL-0631-500E - HCPL0631 - SMD - SOIC8 - Dual Channel High Speed Optocoupler"
5283,45.00,https://www.sunrom.com/m/5283,"HDMI A-type 19P HD Female Double Row Through Hole"
5404,22.00,https://www.sunrom.com/m/5404,"AC Line Filter - MTC21811"
5389,22.00,https://www.sunrom.com/m/5389,"AC Line Filter - MTC21808"
5372,75.00,https://www.sunrom.com/m/5372,"Audio & Signal Coupling Isolation Transformer 1:1 5-pin 1000:1000"
5533,12.00,https://www.sunrom.com/m/5533,"Flame Sensor - 5mm IR Diode - YG1006"
5532,220.00,https://www.sunrom.com/m/5532,"Mounting Bracket - Clamping Kit for Fingerprint Sensors R305 R307 - Black"
5531,1750.00,https://www.sunrom.com/m/5531,"Finger Print Sensor R307 (New R305)"
5514,58.00,https://www.sunrom.com/m/5514,"SIM Card Holder - 6 pin - Push In - Eject Yellow Pin - SIM Tray"
4703,125.00,https://www.sunrom.com/m/4703,"Humidity Sensor Module - HR202"
5530,625.00,https://www.sunrom.com/m/5530,"LoRa RF Module - RA-02 - SX1278 - 433 Mhz - SPI - Wireless Transceiver - IPEX"
5529,625.00,https://www.sunrom.com/m/5529,"LoRa RF Module - RA-01 - SX1278 - 433 Mhz - SPI - Wireless Transceiver - Spring Antenna"
5525,5.45,https://www.sunrom.com/m/5525,"LDR - Light Dependent Resistor - GL5528 - 5mm"
5524,25.00,https://www.sunrom.com/m/5524,"LDR - Photosensitive Resistor - Waterproof - GL5528 - JST PH 2.0mm 2P"
5522,12.00,https://www.sunrom.com/m/5522,"Omnidirectional Electret Condenser Microphone 6x2.7mm with pins - 6027 - Capacitive - Sensitivity -60db"
5528,4500.00,https://www.sunrom.com/m/5528,"SOFI SP8-A - High speed USB programmer for Flash/EEPROM type 93/24/25/BR90/SPI BIOS - Flypro - 6000+ Devices Supported"
5523,1.00,https://www.sunrom.com/m/5523,"Safety Cover for Fuse 5x20mm - Blue - FR (fire retardant)"
5521,10.00,https://www.sunrom.com/m/5521,"CZN-15E Omnidirectional Electret Condenser Microphone 9x7mm with pins - 9767 - Capacitive - Sensitivity 58"
5495,220.00,https://www.sunrom.com/m/5495,"5V@1A AC-DC Isolated SMPS - 220V Input - 5V 1000mA DC output"
5527,120.00,https://www.sunrom.com/m/5527,"RG178 RF Coaxial cable - 50 ohm - Dia 1.8mm - 1 Meter"
4426,25.00,https://www.sunrom.com/m/4426,"Jumper Wires - Male/Female - 10 way - 20cm (8 In)"
3940,6.00,https://www.sunrom.com/m/3940,"Dust Cover - DB9"
3930,25.00,https://www.sunrom.com/m/3930,"Jumper Wires - Female/Female - 10 way - 20cm (8 In)"
3840,65.00,https://www.sunrom.com/m/3840,"Serial Communication Cable - 3 Core - M2F DB9 - TX/RX/GND - RS232 - 1.5 Meters"
3041,30.00,https://www.sunrom.com/m/3041,"Jumper Wires - Male/Male - 10 way - 20cm (8 In)"
4259,1.25,https://www.sunrom.com/m/4259,"Super White LED 3mm"
5520,12.00,https://www.sunrom.com/m/5520,"SIM Card Holder - 6 pin - Push In type"
5519,25.00,https://www.sunrom.com/m/5519,"Nano SIM Card Holder - 6 pin - Flip Open - Metal Hinge"
5518,15.00,https://www.sunrom.com/m/5518,"Micro SIM Card Socket - 6 pin - Flip Open - Metal Hinge"
5517,12.00,https://www.sunrom.com/m/5517,"SIM Card Holder - 6 pin - Flip Open - Metal Hinge"
5516,20.00,https://www.sunrom.com/m/5516,"Nano SIM card Socket - 6 Pins - Push In type"
5515,30.00,https://www.sunrom.com/m/5515,"Micro SIM Card Socket - 6 pins - Spring Loaded Push type"
5513,12.00,https://www.sunrom.com/m/5513,"SIM Card Holder - 6 pin - Flip Open - Hinge Cover Type"
5497,180.00,https://www.sunrom.com/m/5497,"5V@0.7A AC-DC Isolated SMPS - 220V Input - 5V 700mA DC output"
5500,0.75,https://www.sunrom.com/m/5500,"2mm Spacer for 3mm(T-1) LEDs"
5499,145.00,https://www.sunrom.com/m/5499,"Solid State Relay(SSR) DC(24V) - AC(100-240V) 2A"
5496,180.00,https://www.sunrom.com/m/5496,"AC-DC Isolated Power Module 220V to 12V@0.41A (410mA) 5W SMPS Vertical Mounting"
5489,15.00,https://www.sunrom.com/m/5489,"Micro USB Connector - B Female - 5 Pin Through Hole - Vertical Mounting"
4513,275.00,https://www.sunrom.com/m/4513,"AC-DC Isolated Power Module 220V to 5V@0.6A 3W HLK-PM01"
5432,1950.00,https://www.sunrom.com/m/5432,"QFP64 TQFP64 - 0.5mm - Body 10x10mm (12x12mm with Pins) - ZIF Socket"
5431,1850.00,https://www.sunrom.com/m/5431,"QFP48 TQFP48 LQFP48 PQFP48 - 0.5mm - Body 7x7mm (9x9mm with Pins) - ZIF Socket"
5430,1450.00,https://www.sunrom.com/m/5430,"QFP44 TQFP44 LQFP44 - 0.8mm - Body 10x10mm(12x12mm with Pins) - ZIF Socket"
5429,1450.00,https://www.sunrom.com/m/5429,"QFP32 PQFP32 TQFP32 - 0.5mm - Body 5x5mm (7x7mm with Pins) - ZIF Socket"
5428,500.00,https://www.sunrom.com/m/5428,"TSSOP20 SSOP20 - 0.65mm - Body 5.3mm - ZIF Socket"
5427,500.00,https://www.sunrom.com/m/5427,"TSSOP28 SSOP28 - 0.65mm - Body 5.3mm - ZIF Socket"
5426,500.00,https://www.sunrom.com/m/5426,"TSSOP10 SSOP10 - 0.65mm - Body 4.4mm - ZIF Socket"
5425,500.00,https://www.sunrom.com/m/5425,"TSSOP24 SSOP24 - 0.65mm - Body 4.4mm - ZIF Socket"
5424,500.00,https://www.sunrom.com/m/5424,"TSSOP24 SSOP24 - 0.65mm - Body 5.3mm - ZIF Socket"
5423,500.00,https://www.sunrom.com/m/5423,"TSSOP14 SSOP14 - 0.65mm - Body 4.4mm - ZIF Socket"
5422,500.00,https://www.sunrom.com/m/5422,"TSSOP16 SSOP16 - 0.65mm - Body 4.4mm - ZIF Socket"
5421,500.00,https://www.sunrom.com/m/5421,"SOIC24 SOP24 - 1.27mm - Body 7.5mm (300mils) - ZIF Socket"
5420,500.00,https://www.sunrom.com/m/5420,"SOIC18 SOP18 - 1.27mm - Body 300mil (7.5mm)"
5419,500.00,https://www.sunrom.com/m/5419,"SOIC20 SOP20 - 1.27mm - Body 7.5mm (300mils) - ZIF Socket"
5418,500.00,https://www.sunrom.com/m/5418,"TSSOP8 SSOP8 - 0.65mm - Body 4.4mm - ZIF Socket"
5417,500.00,https://www.sunrom.com/m/5417,"SOIC16 SOP16 - 1.27mm - Body 7.5mm (300mil) - ZIF Socket"
5416,500.00,https://www.sunrom.com/m/5416,"SOIC16 - 1.27mm - Body 5.3/5.4mm (0.209 inch) - ZIF Socket"
5414,1850.00,https://www.sunrom.com/m/5414,"QFP32 - TQFP32 - FQFP32 - 0.8mm - Body 7x7mm (9x9mm with Pins) - ZIF Socket"
5413,500.00,https://www.sunrom.com/m/5413,"SOIC14 - 1.27mm - Body 3.9mm (150mil) - ZIF Socket"
5412,500.00,https://www.sunrom.com/m/5412,"TSSOP28 SSOP28 - 0.65mm - Body 4.4mm - ZIF Socket"
5411,500.00,https://www.sunrom.com/m/5411,"SOIC20 SOP20 - 1.27mm - Body 5.3/5.4mm (0.209 inch) - ZIF Socket"
5410,500.00,https://www.sunrom.com/m/5410,"SOIC16 - 1.27mm - Body 3.9mm - ZIF Socket"
5409,500.00,https://www.sunrom.com/m/5409,"SOIC8 - 1.27mm - Wide Body 5.25/5.28/5.3/5.4mm (0.209 inch) - ZIF Socket"
5415,850.00,https://www.sunrom.com/m/5415,"Universal Test Clip for SOIC8 1.27mm both Narrow & Wide Body"
3986,8.50,https://www.sunrom.com/m/3986,"Stereo Socket - PCB Mount - 3.5mm"
5494,330.00,https://www.sunrom.com/m/5494,"AC-DC Isolated Power Module 220V to 12V@0.41A 5W HLK-5M12"
5493,330.00,https://www.sunrom.com/m/5493,"AC-DC Isolated Power Module 220V to 3.3V@1.5A 5W HLK-5M03"
5492,330.00,https://www.sunrom.com/m/5492,"AC-DC Isolated Power Module 220V to 5V@1A 5W HLK-5M05"
5491,297.00,https://www.sunrom.com/m/5491,"AC-DC Isolated Power Module 220V to 12V@0.25A 3W HLK-PM12"
5490,297.00,https://www.sunrom.com/m/5490,"AC-DC Isolated Power Module 220V to 3.3V@0.9A 3W HLK-PM03"
5488,135.00,https://www.sunrom.com/m/5488,"2.4 Ghz Antenna for Wifi with IPX/IPEX Cable"
5487,38.00,https://www.sunrom.com/m/5487,"SMA Male - Wire Solder - RG178 - SMA-1.5 Female Thread 50-1.5"
5512,0.75,https://www.sunrom.com/m/5512,"15mm Spacer for 3mm(T-1) LEDs"
5511,0.75,https://www.sunrom.com/m/5511,"13mm Spacer for 3mm(T-1) LEDs"
5510,0.75,https://www.sunrom.com/m/5510,"12mm Spacer for 3mm(T-1) LEDs"
5509,0.75,https://www.sunrom.com/m/5509,"11mm Spacer for 3mm(T-1) LEDs"
5508,0.75,https://www.sunrom.com/m/5508,"10mm Spacer for 3mm(T-1) LEDs"
5507,0.75,https://www.sunrom.com/m/5507,"9mm Spacer for 3mm(T-1) LEDs"
5506,0.75,https://www.sunrom.com/m/5506,"8mm Spacer for 3mm(T-1) LEDs"
5505,0.75,https://www.sunrom.com/m/5505,"7mm Spacer for 3mm(T-1) LEDs"
5504,0.75,https://www.sunrom.com/m/5504,"6mm Spacer for 3mm(T-1) LEDs"
5503,0.75,https://www.sunrom.com/m/5503,"5mm Spacer for 3mm(T-1) LEDs"
5502,0.75,https://www.sunrom.com/m/5502,"4mm Spacer for 3mm(T-1) LEDs"
5501,0.75,https://www.sunrom.com/m/5501,"3mm Spacer for 3mm(T-1) LEDs"
5481,2.45,https://www.sunrom.com/m/5481,"Fuse Holder Clip - Pitch 5.08mm - PCB Mount for 5x20mm Fuse"
5480,15.00,https://www.sunrom.com/m/5480,"Fuse Holder with Transparent Cover for 5x20mm Fuses - PCB Mount"
5478,74.00,https://www.sunrom.com/m/5478,"AC Power Inlet Socket with Indicator Switch/Fuse Holder - Screw Mount - IEC 60320 C14 - 3750W (250Vx15A)"
5405,285.00,https://www.sunrom.com/m/5405,"PCB Ruler for Quick SMD Footprint & Dimensions Query"
5486,34.00,https://www.sunrom.com/m/5486,"Switch with White LED 12x12x7.3mm"
5485,34.00,https://www.sunrom.com/m/5485,"Switch with Green LED 12x12x7.3mm"
5484,34.00,https://www.sunrom.com/m/5484,"Switch with Orange LED 12x12x7.3mm"
5483,34.00,https://www.sunrom.com/m/5483,"Switch with Blue LED 12x12x7.3mm"
5482,34.00,https://www.sunrom.com/m/5482,"Switch with Red LED 12x12x7.3mm"
5476,1.25,https://www.sunrom.com/m/5476,"White SMD LED 0603"
5475,1.25,https://www.sunrom.com/m/5475,"Orange SMD LED 0603"
5474,1.25,https://www.sunrom.com/m/5474,"Green SMD LED 0603"
5461,95.00,https://www.sunrom.com/m/5461,"LQFP100 0.65mm pitch (RTL8019 Ethernet chip) (cy7c68013) SMD Adapter PCB"
5460,55.00,https://www.sunrom.com/m/5460,"TO263-8 D2-PAK SMD Adapter PCB"
5459,95.00,https://www.sunrom.com/m/5459,"QFP / EQFP / TQFP / LQFP 80/84/92/100 0.5mm SMD Adapter PCB"
5458,55.00,https://www.sunrom.com/m/5458,"QFN80 LQFP80 0.65mm SMD Adapter PCB"
5457,50.00,https://www.sunrom.com/m/5457,"SSOP48 0.635mm SMD Adapter PCB"
5456,55.00,https://www.sunrom.com/m/5456,"FPC FFC 40p 38p 36p 34p 32p 0.5mm SMD Adapter PCB"
5455,55.00,https://www.sunrom.com/m/5455,"QFN28 0.4mm (Body 4x4mm) / QFN28 0.5mm (Body 5x5mm) SMD Adapter PCB"
5454,55.00,https://www.sunrom.com/m/5454,"QFN48 0.5mm SMD Adapter PCB"
5453,40.00,https://www.sunrom.com/m/5453,"FPC FFC 30p 28p 26p 24p 22p 0.5mm SMD Adapter PCB"
5452,50.00,https://www.sunrom.com/m/5452,"QFN44 0.5mm SMD Adapter PCB"
5462,130.00,https://www.sunrom.com/m/5462,"QFP/EQFP/PQFP/TQFP/LQFP/FQFP - 144/128 SMD Adapter PCB"
5451,32.00,https://www.sunrom.com/m/5451,"SMD Crystal 7050 5032 3225 PCB Adapter"
5450,45.00,https://www.sunrom.com/m/5450,"QFN24 0.5mm 0.65mm SMD Adapter PCB"
5449,30.00,https://www.sunrom.com/m/5449,"QFN28 0.65mm SMD Adapter PCB"
5448,30.00,https://www.sunrom.com/m/5448,"TO252 SMD Adapter PCB"
5447,30.00,https://www.sunrom.com/m/5447,"QFN20 LFCSP20 0.5mm 0.65mm SMD Adapter PCB"
5445,30.00,https://www.sunrom.com/m/5445,"TO263-5 SMD Adapter PCB"
5444,45.00,https://www.sunrom.com/m/5444,"QFN56 QFN64 0.5mm SMD Adapter PCB"
5443,30.00,https://www.sunrom.com/m/5443,"FPC FFC 20p 18p 16p 14p 12p 0.5mm SMD Adapter PCB"
5442,30.00,https://www.sunrom.com/m/5442,"LGA16 QFN16 (3x3mm) 0.5mm Adapter PCB"
5441,45.00,https://www.sunrom.com/m/5441,"TSSOPII TSSOP56 to DIP56 0.635mm / 0.8mm pitch SDRAM Adapter PCB"
5440,25.00,https://www.sunrom.com/m/5440,"FPC FFC 4p 6p 8p 10p 0.5mm SMD Adapter PCB"
5438,25.00,https://www.sunrom.com/m/5438,"DFN10 eMSOP10 0.5mm SMD Adapter PCB"
5437,20.00,https://www.sunrom.com/m/5437,"QFP32 QFN32 0.65mm 0.8mm SMD Adapter PCB"
5436,18.00,https://www.sunrom.com/m/5436,"2586 1812 1210 1206 SMA SMB SMC SMD Adapter PCB"
5435,16.00,https://www.sunrom.com/m/5435,"Cap/Coil SMD Adapter PCB"
5434,18.00,https://www.sunrom.com/m/5434,"0805/0603/0402/LED SMD to DIP PCB"
5472,178.00,https://www.sunrom.com/m/5472,"DC-DC Step Down 5A - XL4005"
5471,250.00,https://www.sunrom.com/m/5471,"Atmospheric Pressure(Altitude) + Temperature sensor based on BMP280 - I2C/SPI interface"
5470,25.00,https://www.sunrom.com/m/5470,"Micro USB Breakout PCB"
5363,12.50,https://www.sunrom.com/m/5363,"5 pin JST XH, 2.5mm, M+F, Side Entry"
5364,12.50,https://www.sunrom.com/m/5364,"5 pin JST XH, 2.5mm, M+F, Top Entry"
4358,6.00,https://www.sunrom.com/m/4358,"Micro USB Connector, B Female, 5 Pin SMD"
5446,30.00,https://www.sunrom.com/m/5446,"DB9 Breakout PCB"
5439,25.00,https://www.sunrom.com/m/5439,"USB A-Type Female Breakout PCB"
5433,20.00,https://www.sunrom.com/m/5433,"Mini USB-B Breakout PCB"
5468,500.00,https://www.sunrom.com/m/5468,"PIR612 Demo Board"
5467,22.00,https://www.sunrom.com/m/5467,"Fresnel Lens for PIR Sensor dia 9mm"
5466,145.00,https://www.sunrom.com/m/5466,"PIR612 - Integrated PIR Sensor for Motion Sensing"
5465,35.00,https://www.sunrom.com/m/5465,"SMA Female PCB Vertical Mount - SMA-KE"
3987,135.00,https://www.sunrom.com/m/3987,"RF Transmitter 433MHz ASK 500mW@12V"
5469,15.00,https://www.sunrom.com/m/5469,"40x1 Header Strip 2.54mm Pitch, Right Angle, Reversed Black Plastic"
5463,175.00,https://www.sunrom.com/m/5463,"USB 3.0 Breakout PCB Board with USB Connector Soldered"
5350,125.00,https://www.sunrom.com/m/5350,"Microwave Doppler Radar Module for Motion Detection RCWL-0516"
3958,65.00,https://www.sunrom.com/m/3958,"CS5460A - 24 bit ADC - SPI"
5464,275.00,https://www.sunrom.com/m/5464,"Micro PIR Motion Detection Sensor AM312"
5408,220.00,https://www.sunrom.com/m/5408,"Mini PIR Motion Detection Sensor HC-SR505"
4176,135.00,https://www.sunrom.com/m/4176,"PIR Motion Detection Sensor HC-SR501"
5288,20.00,https://www.sunrom.com/m/5288,"Piezo Passive Buzzer - Vertical"
3776,500.00,https://www.sunrom.com/m/3776,"4 Key RF Keypad Transmitter 433 Mhz EV1527 - Learning Code"
4306,735.00,https://www.sunrom.com/m/4306,"RF Serial Data Link UART, 433 Mhz, +20dBm, HC-12"
5292,15.00,https://www.sunrom.com/m/5292,"FS8205A TSSOP-8"
5361,12.00,https://www.sunrom.com/m/5361,"Slide Switch SMD 2P2T - 6 pins - Side Offset Knob"
4208,391.00,https://www.sunrom.com/m/4208,"20x4 LCD Black on Yellow/Green"
4825,11.50,https://www.sunrom.com/m/4825,"2SC3356 (R25) SOT23"
1102,100.00,https://www.sunrom.com/m/1102,"Micro SD Memory Card interface for 3V MCU"
1448,800.00,https://www.sunrom.com/m/1448,"RF Remote Control Receiver Only - 4 Relays"
5286,1180.00,https://www.sunrom.com/m/5286,"RF Remote Control - 4 CH Relay+Keypad"
4865,95.00,https://www.sunrom.com/m/4865,"Enclosure for 7 Segment Displays"
5349,425.00,https://www.sunrom.com/m/5349,"RS485-TTL Module with Protection & Auto Transmit/Receive Switching"
5358,15.00,https://www.sunrom.com/m/5358,"40x2 Header Strip 40 pins Female - Dual Row - Straight - 2.54mm Pitch"
5357,10.00,https://www.sunrom.com/m/5357,"40x2 Header Strip 40 pins Male - Dual Row - Straight - 2.54mm Pitch"
5356,185.00,https://www.sunrom.com/m/5356,"DHT12 - I2C - Digital Humidity and Temperature Sensor"
5353,16.00,https://www.sunrom.com/m/5353,"Battery Holder for 12V 23A - PCB Pins"
5351,35.00,https://www.sunrom.com/m/5351,"SMA Female PCB Edge Mount - SMA-KE"
5202,16.00,https://www.sunrom.com/m/5202,"Battery Holder for 12V 23A - Wire"
4121,90.00,https://www.sunrom.com/m/4121,"433 Mhz Antenna, 3DB, 5cm, Straight, SMA Male"
5396,100.00,https://www.sunrom.com/m/5396,"CP2103 - USB-UART IC"
5302,18.00,https://www.sunrom.com/m/5302,"PCB for Output Driver Board - Expandable"
4611,9.50,https://www.sunrom.com/m/4611,"TVS Diode 12V - SMBJ12CA"
5347,95.00,https://www.sunrom.com/m/5347,"2.4 Ghz 4DB Wifi Omnidirectional Antenna - IPEX/IPX"
4122,135.00,https://www.sunrom.com/m/4122,"2.4 Ghz, 3DB Antenna, SMA"
4644,95.00,https://www.sunrom.com/m/4644,"SMA to IPX/IPEX/uFL/u.FL RF Adapter Cable"
5346,2.25,https://www.sunrom.com/m/5346,"EMI Ferrite Chip Bead - 2A - 0603 - TDK MPZ1608S221ATA00"
5345,12.00,https://www.sunrom.com/m/5345,"RF Antenna Connector, SMD, IPX, IPEX, U.LF, MHF"
5342,118.00,https://www.sunrom.com/m/5342,"TXS0108E (YF08E) TSSOP20"
5171,15.00,https://www.sunrom.com/m/5171,"10K (103) L=20mm ST Potentiometer (Volume Control) RV09ACF-40"
5170,15.00,https://www.sunrom.com/m/5170,"10K (103) L=20mm R/A Potentiometer (Volume Control) RV09A-21"
5169,12.00,https://www.sunrom.com/m/5169,"10K (103) L=15mm Rotary Potentiometer (Volume Control)"
5344,135.00,https://www.sunrom.com/m/5344,"Solid State Relay(SSR) DC(12V) - AC(100-240V) 2A"
5337,945.00,https://www.sunrom.com/m/5337,"Pulse Oximeter SpO2 and Heart-Rate Sensor Module - I2C - MAX30100"
5335,950.00,https://www.sunrom.com/m/5335,"Color LCD - TFT 1.8"" - 128x160 - ST7735 - SPI - 3V3"
1453,575.00,https://www.sunrom.com/m/1453,"USB to TTL UART Cable - FTDI FT230X"
1452,348.00,https://www.sunrom.com/m/1452,"Output Driver Board - Expandable"
5284,300.00,https://www.sunrom.com/m/5284,"Relay Board - 4 Channel"
5308,53.00,https://www.sunrom.com/m/5308,"LM2596HVS-5.0 TO263"
5307,55.00,https://www.sunrom.com/m/5307,"LM2596HVS-ADJ TO263"
5306,45.00,https://www.sunrom.com/m/5306,"LM2596HVS-12 TO263"
1454,565.00,https://www.sunrom.com/m/1454,"USB to RS232 Converter - FTDI FT230X"
1455,899.00,https://www.sunrom.com/m/1455,"USB to RS485 Converter - FTDI FT230X"
4317,580.00,https://www.sunrom.com/m/4317,"DC-DC Step Down High Voltage(Max 60V) 3A - LM2576HV"
1451,550.00,https://www.sunrom.com/m/1451,"USB-TTL UART Module - FTDI FT230X"
5326,4300.00,https://www.sunrom.com/m/5326,"48V 7.3A 350W SMPS Mean Well LRS-350-48"
5325,3400.00,https://www.sunrom.com/m/5325,"48V 4.4A 200W SMPS Mean Well LRS-200-48"
5323,2800.00,https://www.sunrom.com/m/5323,"24V 8.8A 200W SMPS Mean Well LRS-200-24"
5322,1897.50,https://www.sunrom.com/m/5322,"24V 6.5A 150W SMPS Mean Well LRS-150-24"
5317,3762.50,https://www.sunrom.com/m/5317,"12V 29A 350W SMPS Mean Well LRS-350-12"
5316,2975.00,https://www.sunrom.com/m/5316,"12V 17A 200W SMPS Mean Well LRS-200-12"
1449,300.00,https://www.sunrom.com/m/1449,"RF Receiver for Active RFID"
5300,10.00,https://www.sunrom.com/m/5300,"DC Socket - Threaded Nut Panel Mount - Suitable for 5.5x2.1mm DC Pins"
5240,10.00,https://www.sunrom.com/m/5240,"Slide Switch Through Hole - 1P2T - Right Angle - 3 pins"
5261,12.00,https://www.sunrom.com/m/5261,"Slide Switch SMD 2P2T - 6 pins"
5260,12.00,https://www.sunrom.com/m/5260,"Slide Switch Through Hole 2P2T - 6 pins"
5239,2.80,https://www.sunrom.com/m/5239,"33nH 0603 300mA Inductor - AIMC-0603-33N"
5280,22.00,https://www.sunrom.com/m/5280,"SOIC16 SSOP16 0.65mm 1.27mm SMD Adapter PCB"
5281,125.00,https://www.sunrom.com/m/5281,"TSSOP56 TSSOP48 0.5mm 0.65mm SMD Adapter PCB"
5279,55.00,https://www.sunrom.com/m/5279,"SOIC32 1.27mm or DIP 1.27mm to 2.54mm SMD Adapter PCB"
5282,5.00,https://www.sunrom.com/m/5282,"RED LED SMD 5050"
5297,0.40,https://www.sunrom.com/m/5297,"27R 1% 0603"
5296,2.00,https://www.sunrom.com/m/5296,"47pF SMD 0603"
5295,2.00,https://www.sunrom.com/m/5295,"10nF(103) SMD 0603"
1450,1700.00,https://www.sunrom.com/m/1450,"RF Remote Control - 8 CH Relay+Keypad"
1445,480.00,https://www.sunrom.com/m/1445,"8 Switch RF Keypad Transmitter - EV1527 - Learning Code 433 Mhz"
5293,20.00,https://www.sunrom.com/m/5293,"ULN2003A - DIP"
5291,1.00,https://www.sunrom.com/m/5291,"1x1 Berg Housing 2.54mm"
5290,1.15,https://www.sunrom.com/m/5290,"Crimping Pins for Berg 2.54mm"
5287,3000.00,https://www.sunrom.com/m/5287,"QFP100 TQFP100 FQFP100 - 0.5mm - Body 14x14mm (16x16mm with Pins) - ZIF Socket"
5285,3000.00,https://www.sunrom.com/m/5285,"QFP80 TQFP80 FQFP80 - 0.5mm - Body 12x12mm (14x14mm with Pins) - ZIF Socket"
5269,58.00,https://www.sunrom.com/m/5269,"4 Relays - Blank PCB"
5273,20.00,https://www.sunrom.com/m/5273,"Terminal 2P 5.08mm Pluggable Straight"
5252,111.00,https://www.sunrom.com/m/5252,"8 Relays - Blank PCB"
5274,30.00,https://www.sunrom.com/m/5274,"Terminal 3P 5.08mm Pluggable Straight"
5275,40.00,https://www.sunrom.com/m/5275,"Terminal 4P 5.08mm Pluggable Straight"
5262,13.75,https://www.sunrom.com/m/5262,"Slide Switch - 8.6mm - Horizontal 2P2T"
5256,10.00,https://www.sunrom.com/m/5256,"Slide Switch - 8.6mm - Vertical 1P2T"
1261,35.00,https://www.sunrom.com/m/1261,"Prototyping PCB - 5x7cm SS FR4"
5257,6.50,https://www.sunrom.com/m/5257,"4.7uF 16V (475C A3216) Tantalum AVX"
5255,14.50,https://www.sunrom.com/m/5255,"Slide Switch, 1P2T, High Current, Straight"
5263,14.50,https://www.sunrom.com/m/5263,"Slide Switch, 1P2T, High Current, Right Angle "
5253,245.00,https://www.sunrom.com/m/5253,"FT230XS-R - SSOP16"
5249,85.00,https://www.sunrom.com/m/5249,"XL6009E1 TO263-5 - IC for DC-DC Boost"
5245,15.00,https://www.sunrom.com/m/5245,"Push ON/OFF Switch Horiz"
5248,2.50,https://www.sunrom.com/m/5248,"Green Cap for Push ON/OFF Switches"
5247,2.75,https://www.sunrom.com/m/5247,"Red Cap for ON/OFF Sw Horiz"
5526,1.00,https://www.sunrom.com/m/5526,"2P JST PH 2.0mm Top Entry Header"
5246,18.00,https://www.sunrom.com/m/5246,"4N35 - 6-Pin DIP Phototransistor "
5276,1250.00,https://www.sunrom.com/m/5276,"GSM Modem - RS232 - SIM800A"
1262,64.00,https://www.sunrom.com/m/1262,"Prototyping PCB - 10x7cm SS FR4"
1443,450.00,https://www.sunrom.com/m/1443,"RF Remote Receiver/Decoder Module - EV1527 / PT226x"
4745,22.00,https://www.sunrom.com/m/4745,"PT2272 Decoder Blank PCB"
1142,195.00,https://www.sunrom.com/m/1142,"RC5 Remote Decoder Serial Out"
3812,195.00,https://www.sunrom.com/m/3812,"NEC Remote Decoder Serial Out"
5238,335.00,https://www.sunrom.com/m/5238,"SHT20 - Humidity Temperature Sensor, I2C, Calibrated, 3.3V"
5220,7.00,https://www.sunrom.com/m/5220," 9V Battery Snap Connector"
1444,380.00,https://www.sunrom.com/m/1444,"4 Switch RF Keypad Transmitter - EV1527 - Learning Code 433 Mhz"
5218,1.25,https://www.sunrom.com/m/5218,"Yellow SMD LED 0603"
5216,1.25,https://www.sunrom.com/m/5216,"Blue SMD LED 0603"
5215,0.75,https://www.sunrom.com/m/5215,"Red SMD LED 0603"
5213,8.65,https://www.sunrom.com/m/5213,"MicroUSB Connector Pitch 5.9mm"
5211,15.00,https://www.sunrom.com/m/5211,"Mini Limit Switch"
5131,12.00,https://www.sunrom.com/m/5131,"OB2263 SOT23-6"
4898,5.00,https://www.sunrom.com/m/4898,1N5822
4896,8.00,https://www.sunrom.com/m/4896,P6KE180A
4888,3.00,https://www.sunrom.com/m/4888,"1nF 2KV (102)"
4876,2.00,https://www.sunrom.com/m/4876,"FR107 1A 1000V DO-41"
5229,1.60,https://www.sunrom.com/m/5229,"4P JST XH 2.5mm Housing"
5228,1.20,https://www.sunrom.com/m/5228,"3P JST XH 2.5mm Housing"
5227,1.00,https://www.sunrom.com/m/5227,"2P JST XH 2.5mm Housing"
5226,3.84,https://www.sunrom.com/m/5226,"4P JST XH 2.5mm Side Entry Header"
5225,2.24,https://www.sunrom.com/m/5225,"4P JST XH 2.5mm Top Entry Header"
5224,2.88,https://www.sunrom.com/m/5224,"3P JST XH 2.5mm Side Entry Header"
5223,1.68,https://www.sunrom.com/m/5223,"3P JST XH 2.5mm Top Entry Header"
5222,1.92,https://www.sunrom.com/m/5222,"2P JST XH 2.5mm Side Entry Header"
5221,1.12,https://www.sunrom.com/m/5221,"2P JST XH 2.5mm Top Entry Header"
5212,110.00,https://www.sunrom.com/m/5212,"3P AC Power Cable"
5189,45.00,https://www.sunrom.com/m/5189,"FFC/FPC Cable 40 pin 0.5mm 10cm"
5188,45.00,https://www.sunrom.com/m/5188,"FFC/FPC Connector 40 Pin 0.5mm Flip Lock"
5205,37.00,https://www.sunrom.com/m/5205,"Limit Switch Big - Short Lever"
5174,445.00,https://www.sunrom.com/m/5174,"OLED Display Screen 0.96"" Blue"
5158,20.00,https://www.sunrom.com/m/5158,"Limit Switch - Basic"
5186,28.00,https://www.sunrom.com/m/5186,"Limit Switch - Short Lever"
5196,38.00,https://www.sunrom.com/m/5196,"Limit Switch - Short Roller"
5199,20.00,https://www.sunrom.com/m/5199,"Fuse Holder - Panel Mount for 5x20mm Fuses"
5197,40.00,https://www.sunrom.com/m/5197,"Limit Switch - Curve Short Lever"
4368,18.00,https://www.sunrom.com/m/4368,"AC Power Socket - Screw Mount - IEC 60320 C14 - 2500W (250Vx10A)"
5184,35.00,https://www.sunrom.com/m/5184,"AC Power Socket with Fuse Holder - Screw Mount - IEC C14"
5163,145.00,https://www.sunrom.com/m/5163,"Lithum Battery Charger with Protection TP4056 - MicroUSB"
5168,8.00,https://www.sunrom.com/m/5168,"Red Knob for 6MM Shaft Encoders & Pots"
5132,58.00,https://www.sunrom.com/m/5132,"Audio & Signal isolation transformer 600:600"
5100,12.00,https://www.sunrom.com/m/5100,"3.3uH (3R3) SMD 3mm Inductor"
5099,12.00,https://www.sunrom.com/m/5099,"10uH (100) SMD 3mm Inductor"
3870,22.00,https://www.sunrom.com/m/3870,"Relay 12V"
5348,3.95,https://www.sunrom.com/m/5348,"4P Housing JST VH 3.96mm"
5183,3.00,https://www.sunrom.com/m/5183,"3P Housing JST VH 3.96mm"
5182,1.45,https://www.sunrom.com/m/5182,"Crimping pins for JST VH 3.96mm"
5180,2250.00,https://www.sunrom.com/m/5180,"Crimping Tool for Molex KK CPU type connectors (YAC13)"
5162,2.00,https://www.sunrom.com/m/5162,"2P Housing JST VH 3.96mm"
5117,1475.00,https://www.sunrom.com/m/5117,"FRC IDC Crimping Tool HT-214"
5096,5.00,https://www.sunrom.com/m/5096,"4P Header JST VH 3.96mm"
5095,4.00,https://www.sunrom.com/m/5095,"3P Header JST VH 3.96mm"
5094,4.00,https://www.sunrom.com/m/5094,"3P Header Empty Middle JST VH 3.96mm"
5093,2.25,https://www.sunrom.com/m/5093,"2P Header JST VH 3.96mm"
3951,2.00,https://www.sunrom.com/m/3951,"Tactile Switch 6x6x7mm"
5473,10.00,https://www.sunrom.com/m/5473,"Piezo Element - 20mm"
5052,3.00,https://www.sunrom.com/m/5052,"Tactile Switch SMD 3x6mm Side Press"
5051,1.50,https://www.sunrom.com/m/5051,"Bright While LED SMD Package PLCC2 (1210 3528)"
5049,2.00,https://www.sunrom.com/m/5049,"Red Square Cap for Omron B3F Series Switches"
5048,2.00,https://www.sunrom.com/m/5048,"Black Square Cap for Omron B3F Series Switches"
5047,2.00,https://www.sunrom.com/m/5047,"Green Square Cap for Omron B3F Series Switches"
5046,2.00,https://www.sunrom.com/m/5046,"White Square Cap for Omron B3F Series Switches"
5045,2.00,https://www.sunrom.com/m/5045,"Yellow Square Cap for Omron B3F Series Switches"
5044,2.00,https://www.sunrom.com/m/5044,"Blue Square Cap for Omron B3F Series Switches"
5043,3.00,https://www.sunrom.com/m/5043,"White Round Cap for Omron B3F Series Switches"
5042,3.00,https://www.sunrom.com/m/5042,"Green Round Cap for Omron B3F Series Switches"
5041,3.00,https://www.sunrom.com/m/5041,"Yellow Round Cap for Omron B3F Series Switches"
5040,3.00,https://www.sunrom.com/m/5040,"Blue Round Cap for Omron B3F Series Switches"
5039,3.00,https://www.sunrom.com/m/5039,"Red Round Cap for Omron B3F Series Switches"
5028,2.50,https://www.sunrom.com/m/5028,"Transparent Cover for square switch caps"
4339,3.00,https://www.sunrom.com/m/4339,"Black Round Cap for Omron B3F Series Switches"
4338,10.00,https://www.sunrom.com/m/4338,"Tactile Switch Square Head - Omron B3F-4055 - 12x12x7.3mm"
5156,3500.00,https://www.sunrom.com/m/5156,"Crimping Tool for JST XH/VH type connectors (YAC12)"
5139,0.60,https://www.sunrom.com/m/5139,"Crimping Pins for JST XH 2.5mm"
5134,3500.00,https://www.sunrom.com/m/5134,"Crimping Tool for JST XH/VH type connectors (YAC12)"
5133,2350.00,https://www.sunrom.com/m/5133,"Crimping Tool for Minifit connectors (YAC4)"
5086,15.00,https://www.sunrom.com/m/5086,"FDS9435A (9435A) SOIC8 P-CH MOSFET"
5084,36.00,https://www.sunrom.com/m/5084,"IRLR2905Z (LR2905) TO252 N-CH MOSFET"
5083,4.50,https://www.sunrom.com/m/5083,"AO3402 (A29T) SOT23 N-CH MOSFET"
5080,12.00,https://www.sunrom.com/m/5080,"AO3415 AF SOT23 P-CH MOSFET"
5076,12.00,https://www.sunrom.com/m/5076,"FDV301N-NL SOT23 N-CH MOSFET"
5075,12.00,https://www.sunrom.com/m/5075,"AO3416 AG SOT23 N-CH MOSFET"
5072,25.00,https://www.sunrom.com/m/5072,"IRF7832TRPBF (IRF7832) SOIC8 N-CH MOSFET"
5098,25.00,https://www.sunrom.com/m/5098,"Terminal 3P 9.5mm"
5097,16.00,https://www.sunrom.com/m/5097,"Terminal 2P 9.5mm"
5082,45.00,https://www.sunrom.com/m/5082,"AOD442 (D442) TO252 N-CH MOSFET"
5081,25.00,https://www.sunrom.com/m/5081,"FQD20N06 (20A60V 20N06) TO252 N-CH MOSFET"
5074,18.00,https://www.sunrom.com/m/5074,"Terminal 3P 7.62mm"
4886,12.00,https://www.sunrom.com/m/4886,"Terminal 2P 7.62mm"
5092,8.00,https://www.sunrom.com/m/5092,"MUR460 - DO-201 - 4A 600V - Ultra Fast Rectifier"
5091,21.00,https://www.sunrom.com/m/5091,"MUR1660 - TO220 - 16A 600V - Ultra Fast Rectifier"
5090,21.00,https://www.sunrom.com/m/5090,"MBR20100CT  TO220 - 2x10A 100V Rectifier"
5089,45.00,https://www.sunrom.com/m/5089,"IRF840 TO220  N-CH MOSFET"
5087,16.00,https://www.sunrom.com/m/5087,"FQPF2N60C (2N60) TO220 N-CH MOSFET"
5085,30.00,https://www.sunrom.com/m/5085,"IRFZ44N TO220 N-CH MOSFET"
5079,115.00,https://www.sunrom.com/m/5079,"2SK3878 (K3878) TO-3P N-CH MOSFET"
5078,45.00,https://www.sunrom.com/m/5078,"IRF9540 TO-220 P-CH MOSFET"
5077,25.00,https://www.sunrom.com/m/5077,"IRF540 TO220 N-CH MOSFET"
5071,25.00,https://www.sunrom.com/m/5071,"FQPF5N60C (5N60) TO-220F N-CH MOSFET"
5066,175.00,https://www.sunrom.com/m/5066,"Micro SD Card Interfacing Module"
4980,4.50,https://www.sunrom.com/m/4980,"7D471K - Varistor MOV for 220V AC"
4978,10.00,https://www.sunrom.com/m/4978,"14D471K - Varistor MOV for 220V AC"
4823,85.00,https://www.sunrom.com/m/4823,"IRFP460 TO247 N-CH MOSFET"
4496,380.00,https://www.sunrom.com/m/4496,"Current Sensor 5A - ACS712"
5038,55.00,https://www.sunrom.com/m/5038,"2P AC Power Cable"
5032,55.00,https://www.sunrom.com/m/5032,"AMBER 7-Segment 4 Digit CC 14.20mm"
5031,55.00,https://www.sunrom.com/m/5031,"GREEN 7-Segment 4 Digit CC 14.20mm"
5030,55.00,https://www.sunrom.com/m/5030,"RED 7-Segment 4 Digit CC 14.20mm"
5061,32.00,https://www.sunrom.com/m/5061,"Terminal 4P R/A 5.08mm Pluggable Right Angle"
5060,25.00,https://www.sunrom.com/m/5060,"Terminal 3P R/A 5.08mm Pluggable Right Angle"
5059,17.00,https://www.sunrom.com/m/5059,"Terminal 2P R/A 5.08mm Pluggable Right Angle"
5037,145.00,https://www.sunrom.com/m/5037,Breadboard
5029,14.00,https://www.sunrom.com/m/5029,"Soldering Flux - 15gm"
5033,75.00,https://www.sunrom.com/m/5033,"Solder Bit 25W"
4940,5.00,https://www.sunrom.com/m/4940,"PCB Mount Fuse Holder for 5x20mm Fuses"
4837,275.00,https://www.sunrom.com/m/4837,"Wire Stripper"
4692,120.00,https://www.sunrom.com/m/4692,"Component Lead Cutter"
5026,15.00,https://www.sunrom.com/m/5026,"68uH (680) 9mm - Inductor"
5025,15.00,https://www.sunrom.com/m/5025,"68uH (680) SMD 5mm Inductor"
5024,30.00,https://www.sunrom.com/m/5024,"68uH (680) SMD 12mm Inductor"
5023,15.00,https://www.sunrom.com/m/5023,"680uH (681) 9mm - Inductor"
5022,12.00,https://www.sunrom.com/m/5022,"680uH (681) 7mm - Inductor"
5021,25.00,https://www.sunrom.com/m/5021,"680uH (681) SMD 7mm Inductor"
5020,15.00,https://www.sunrom.com/m/5020,"47uH (470) 9mm - Inductor"
5019,12.00,https://www.sunrom.com/m/5019,"47uH (470) 7mm - Inductor"
5017,28.00,https://www.sunrom.com/m/5017,"47uH (470) SMD 12mm Inductor"
5016,15.00,https://www.sunrom.com/m/5016,"470uH (471) 9mm - Inductor"
5015,12.00,https://www.sunrom.com/m/5015,"470uH (471) 7mm - Inductor"
5014,15.00,https://www.sunrom.com/m/5014,"470uH (471) SMD 5mm Inductor PIO54-471KT"
5013,30.00,https://www.sunrom.com/m/5013,"470uH (471) SMD 12mm Inductor"
5012,12.00,https://www.sunrom.com/m/5012,"4.7uH (4R7) SMD 3mm Inductor"
5011,15.00,https://www.sunrom.com/m/5011,"4.7uH (4R7) SMD 5mm Inductor"
5010,18.00,https://www.sunrom.com/m/5010,"33uH (330) 9.53mm - Inductor"
5009,15.00,https://www.sunrom.com/m/5009,"33uH (330) 9mm - Inductor"
5008,15.00,https://www.sunrom.com/m/5008,"33uH (330) SMD 5mm Inductor"
5006,18.00,https://www.sunrom.com/m/5006,"330uH (331) 9.53mm - Inductor"
5005,15.00,https://www.sunrom.com/m/5005,"330uH (331) 9mm - Inductor"
5004,12.00,https://www.sunrom.com/m/5004,"330uH (331) 7mm - Inductor"
5003,15.00,https://www.sunrom.com/m/5003,"330uH (331) SMD 5mm Inductor PIO54-331KT"
5002,30.00,https://www.sunrom.com/m/5002,"330uH (331) SMD 12mm Inductor"
5001,30.00,https://www.sunrom.com/m/5001,"3.3uH (3R3) SMD 12mm Inductor"
5000,30.00,https://www.sunrom.com/m/5000,"22uH (220) SMD 12mm Inductor"
4999,15.00,https://www.sunrom.com/m/4999,"22uH (220) 9mm - Inductor"
4998,3.50,https://www.sunrom.com/m/4998,"22uH 0805 10mA Inductor - FCI2012F-220K"
4997,15.00,https://www.sunrom.com/m/4997,"22uH (220) SMD 5mm Inductor"
4996,30.00,https://www.sunrom.com/m/4996,"220uH (221) SMD 12mm Inductor"
4995,12.00,https://www.sunrom.com/m/4995,"220uH (221) 7mm - Inductor"
4994,15.00,https://www.sunrom.com/m/4994,"220uH (221) SMD 5mm Inductor"
4993,3.50,https://www.sunrom.com/m/4993,"2.2uH 0805 30mA Inductor - FCI2012F-2R2K"
4992,3.20,https://www.sunrom.com/m/4992,"1uH 1206 100mA Inductor - FCI3216F-1R0K"
4991,15.00,https://www.sunrom.com/m/4991,"10uH (100) SMD 5mm Inductor"
4990,12.00,https://www.sunrom.com/m/4990,"10uH (100) 7mm - Inductor"
4989,30.00,https://www.sunrom.com/m/4989,"10uH (100) SMD 12mm Inductor"
4988,12.00,https://www.sunrom.com/m/4988,"100uH (101) 7mm - Inductor"
4987,15.00,https://www.sunrom.com/m/4987,"100uH (101) SMD 5mm Inductor"
4986,30.00,https://www.sunrom.com/m/4986,"100uH (101) SMD 12mm Inductor"
4977,2.50,https://www.sunrom.com/m/4977,"Red Cap for Push ON/OFF Switches"
4949,10.00,https://www.sunrom.com/m/4949,"Push ON/OFF Switch 8.5mm"
4945,5.00,https://www.sunrom.com/m/4945,"Push ON/OFF Switch 7mm"
4893,12.00,https://www.sunrom.com/m/4893,"33uH (330) 7mm - Inductor"
4985,10.00,https://www.sunrom.com/m/4985,"Slide Switch - 8.6mm - Horizontal 1P2T"
4984,10.00,https://www.sunrom.com/m/4984,"Tactile Switch 12x12x11mm"
4981,22.00,https://www.sunrom.com/m/4981,"OH137 TO-92UA Unipolar Hall Effect Switch"
4979,40.00,https://www.sunrom.com/m/4979,"PT2272-L4S SOIC-20 - RF Decoder - Latch Output"
4976,2.50,https://www.sunrom.com/m/4976,"Black Cap for 6x6mm Tactile Switches - 6.2mm Diameter"
4975,2.50,https://www.sunrom.com/m/4975,"White Cap for 6x6mm Tactile Switches - 6.2mm Diameter"
4974,2.50,https://www.sunrom.com/m/4974,"Blue Cap for 6x6mm Tactile Switches - 6.2mm Diameter"
4973,2.50,https://www.sunrom.com/m/4973,"Red Cap for 6x6mm Tactile Switches - 6.2mm Diameter"
4972,2.50,https://www.sunrom.com/m/4972,"Green Cap for 6x6mm Tactile Switches - 6.2mm Diameter"
4971,2.50,https://www.sunrom.com/m/4971,"Yellow Cap for 6x6mm Tactile Switches - 6.2mm Diameter"
4965,50.00,https://www.sunrom.com/m/4965,"KBJ1510 - 15A Diode Bridge"
4964,40.00,https://www.sunrom.com/m/4964,"KBU1010 - 10A Diode Bridge"
4963,35.00,https://www.sunrom.com/m/4963,"KBU810 - 8A Diode Bridge"
4962,4.50,https://www.sunrom.com/m/4962,"AO3401 A19T SOT-23 P-CH MOSFET"
4961,2.20,https://www.sunrom.com/m/4961,"470pF 1KV  (471K)"
4960,8.00,https://www.sunrom.com/m/4960,"EMI Filter - Jantek - K5B R6H 3.0Ts"
4959,15.00,https://www.sunrom.com/m/4959,"AT24C32 - SOIC8 - I2C EEPROM"
4958,55.00,https://www.sunrom.com/m/4958,"IR2113 - SOIC16"
4957,25.00,https://www.sunrom.com/m/4957,"32.768 Khz SMD Crystal - Epson MC-306"
4956,10.00,https://www.sunrom.com/m/4956,"AT24C08 - SOIC8 - I2C EEPROM"
4955,10.00,https://www.sunrom.com/m/4955,"2SC3357 - RE - SOT89"
4954,25.00,https://www.sunrom.com/m/4954,"AT24C64 - SOIC8 - I2C EEPROM"
4953,48.00,https://www.sunrom.com/m/4953,"AT24C512 - SOIC8 - I2C EEPROM"
4951,125.00,https://www.sunrom.com/m/4951,"W25Q128FVSSIG - 16MB SPI Flash"
4950,350.00,https://www.sunrom.com/m/4950,"W5500 - LQFP48"
4948,35.00,https://www.sunrom.com/m/4948,"PT2272-M4S SOIC-20 - RF Decoder - Momentary Output"
4947,48.00,https://www.sunrom.com/m/4947,"GL850G - SSOP28 - USB 2.0 Hub IC"
4946,12.00,https://www.sunrom.com/m/4946,"KBP310 - 3A Diode Bridge"
4944,22.00,https://www.sunrom.com/m/4944,"HT6221A (HT6221) SOIC-20 NEC Remote IC"
4943,18.00,https://www.sunrom.com/m/4943,"PAM8403 - SOIC16"
4942,10.00,https://www.sunrom.com/m/4942,"BL8530-501SM - E5 - 5V - SOT89"
4941,9.00,https://www.sunrom.com/m/4941,"MD8002A - SOIC8"
4939,12.00,https://www.sunrom.com/m/4939,"FR607 6A 1000V"
4938,15.00,https://www.sunrom.com/m/4938,"SX1308 SOT23-6"
4868,27.50,https://www.sunrom.com/m/4868,"4.7uH (4R7) - 4A - SMD ASPI-0630LR-4R7 Inductor"
4769,19.00,https://www.sunrom.com/m/4769,"TDA2822 - SMD SOIC8"
4184,18.00,https://www.sunrom.com/m/4184,"KBL610 - 6A Diode Bridge"
4107,10.00,https://www.sunrom.com/m/4107,"DB207S - 2A Diode Bridge, SMD"
4982,4.00,https://www.sunrom.com/m/4982,"Tactile Switch 3x4x2mm SMD  2-Pin"
4970,3.20,https://www.sunrom.com/m/4970,"White Cap for 6/7/8.5mm Switches - 10mm Diameter"
4969,5.00,https://www.sunrom.com/m/4969,"Tactile Switch 6x6x16mm"
4968,4.00,https://www.sunrom.com/m/4968,"Tactile Switch 6x6x12mm"
4967,3.00,https://www.sunrom.com/m/4967,"Tactile Switch 6x6x10mm"
4736,25.00,https://www.sunrom.com/m/4736,"PT8211 - 16 Bit Stereo Audio DAC"
4266,145.00,https://www.sunrom.com/m/4266,HR911105A
4966,18.00,https://www.sunrom.com/m/4966,"Rocker Switch 2-Pin, SPST"
4883,5.00,https://www.sunrom.com/m/4883,"Power NTC 10D-9"
4843,500.00,https://www.sunrom.com/m/4843,"Test Clip for SOIC8 Pitch 1.27mm Narrow body"
4260,2300.00,https://www.sunrom.com/m/4260,"STM32 ARM Cortex-M4 Dev Board - STM32F407VET6"
4132,20.00,https://www.sunrom.com/m/4132,"CR2032 Battery Holder SMD"
4933,20.00,https://www.sunrom.com/m/4933,"PCF8563 - SOIC8 - I2C RTC 1.8V to 5.5V"
4931,7.00,https://www.sunrom.com/m/4931,"LM386 SOIC8"
4930,6.00,https://www.sunrom.com/m/4930,"0.022uF 275V (223K 22nF) - Pitch 10MM - X2 Safety MKP"
4929,5.00,https://www.sunrom.com/m/4929,"AT24C02 - SOIC8 - I2C EEPROM"
4928,12.00,https://www.sunrom.com/m/4928,"LTC4054 - LTH7 - SOT23"
4927,18.00,https://www.sunrom.com/m/4927,"ULN2803A / ULN2803 SOIC-18 Wide"
4924,90.00,https://www.sunrom.com/m/4924,"STM8S003K3 - LQFP-32"
4921,15.00,https://www.sunrom.com/m/4921,"FP6291 AL SOT23-6 DC-DC Boost"
4919,6.00,https://www.sunrom.com/m/4919,"MC34063 SOIC-8"
4918,4.50,https://www.sunrom.com/m/4918,"2SB1132 BA SOT-89 PNP 1A/32V"
4917,2.00,https://www.sunrom.com/m/4917,"SMD Tactile Switch, 3x6x4.3mm"
4915,115.00,https://www.sunrom.com/m/4915,"ATMEGA8A-AU QFP-32 ATMEL"
4913,2.50,https://www.sunrom.com/m/4913,"RS1M (FR107) SMA 1A 1000V"
4912,10.00,https://www.sunrom.com/m/4912,"FS8205A SOT23-6"
4911,7.00,https://www.sunrom.com/m/4911,"DW01A - SOT23-6 - Lithum Battery protection IC"
4910,2.50,https://www.sunrom.com/m/4910,"BAV70 A4W SOT23"
4909,18.00,https://www.sunrom.com/m/4909,"APM9926A - SOIC8 - Dual N-Channel Mosfet"
4908,2.50,https://www.sunrom.com/m/4908,"SMD Tactile Switch, 4.5x4.5x3.8mm"
4907,4.50,https://www.sunrom.com/m/4907,"AO3400 A09T SOT-23 N-CH MOSFET"
4904,4.75,https://www.sunrom.com/m/4904,"XC6206P302MR (65Z5)"
4900,15.00,https://www.sunrom.com/m/4900,"10uH (100) 9mm - Inductor"
4891,15.00,https://www.sunrom.com/m/4891,"THX203H - DIP8"
4885,6.00,https://www.sunrom.com/m/4885,"10D471K - Varistor MOV for 220V AC"
4884,5.00,https://www.sunrom.com/m/4884,"Power NTC 5D-11"
4882,5.00,https://www.sunrom.com/m/4882,"100nF 275V (104K 0.1UF) - Pitch 10MM - X2 Safety MKP"
4877,3.00,https://www.sunrom.com/m/4877,"BAV99 A7W SOT23"
4873,5.00,https://www.sunrom.com/m/4873,"LM393 - SOIC8 - Comparator"
4870,35.00,https://www.sunrom.com/m/4870,"VIPer22A - DIP8"
4914,6.00,https://www.sunrom.com/m/4914,"100uF 16V 6.3x5.4mm SMD Aluminum"
4906,3.50,https://www.sunrom.com/m/4906,"MB6S SOP-4 600V/0.5A Bridge"
4905,12.00,https://www.sunrom.com/m/4905,"PT4115 - LED Driver with Dimming"
4875,4.00,https://www.sunrom.com/m/4875,"TL431 SMD SOT-23"
4871,20.00,https://www.sunrom.com/m/4871,"AC Line Filter - MTC21814"
4881,7.50,https://www.sunrom.com/m/4881,"T2A 250V Round Fuse"
5065,25.00,https://www.sunrom.com/m/5065,"10 pin JST XH, 2.5mm, M+F, Top Entry"
5064,20.00,https://www.sunrom.com/m/5064,"8 pin JST XH, 2.5mm, M+F, Top Entry"
5063,15.00,https://www.sunrom.com/m/5063,"6 pin JST XH, 2.5mm, M+F, Top Entry"
4932,12.00,https://www.sunrom.com/m/4932,"BT136-600E TO220 4A 600V"
4923,55.00,https://www.sunrom.com/m/4923,"ATTINY13A-SSU TINY13A-SSU ATMEL"
4902,135.00,https://www.sunrom.com/m/4902,"PL2303SA SOIC-8 USB-UART"
4109,55.00,https://www.sunrom.com/m/4109,"XPT2046 (ADS7843) - Touch Screen Decoder IC"
5058,10.00,https://www.sunrom.com/m/5058,"4 pin JST XH, 2.5mm, M+F, Top Entry"
5057,7.50,https://www.sunrom.com/m/5057,"3 pin JST XH, 2.5mm, M+F, Top Entry"
5056,5.00,https://www.sunrom.com/m/5056,"2 pin JST XH, 2.5mm, M+F, Side Entry"
5055,5.00,https://www.sunrom.com/m/5055,"2 pin JST XH, 2.5mm, M+F, Top Entry"
4936,85.00,https://www.sunrom.com/m/4936,"24V Relay 30A"
4935,33.50,https://www.sunrom.com/m/4935,"Relay 24V 10A"
4872,65.00,https://www.sunrom.com/m/4872,"HX711 - SOIC16 - 24 bit ADC IC for load cell"
4847,15.00,https://www.sunrom.com/m/4847,"47uH (470) SMD 5mm Inductor"
4347,18.00,https://www.sunrom.com/m/4347,APM4953
4073,19.00,https://www.sunrom.com/m/4073,"Vibration Sensor SW-18020P"
3962,235.00,https://www.sunrom.com/m/3962,"RF Module, 2.4Ghz, nRF24L01+, SMD"
3731,7.50,https://www.sunrom.com/m/3731,"Battery Holder for CR2032 - Metal"
3832,38.00,https://www.sunrom.com/m/3832,"HCPL-0600 AVAGO - SOIC8 (SMD 6N137)"
4894,7.50,https://www.sunrom.com/m/4894,"DB107 - 1A Diode Bridge - DIP4"
4878,4.00,https://www.sunrom.com/m/4878,"FR207 2A 1000V DO-41"
1440,950.00,https://www.sunrom.com/m/1440,"USB Keyboard Decoder - Serial Output"
4494,950.00,https://www.sunrom.com/m/4494,"USB Barcode Decoder - Serial Output"
1427,1000.00,https://www.sunrom.com/m/1427,"Audio Player - WAV Format - Micro SD Card"
4863,55.00,https://www.sunrom.com/m/4863,"W25Q32FVSSIG - 4MB SPI Flash"
4852,75.00,https://www.sunrom.com/m/4852,"MAX9812LEXT  SC70-6"
4867,65.00,https://www.sunrom.com/m/4867,"MP1584 - SOIC8"
1434,1250.00,https://www.sunrom.com/m/1434,"USB - RS232 Isolated Converter Industrial Grade"
1435,1250.00,https://www.sunrom.com/m/1435,"USB - UART Isolated Converter Industrial Grade"
4857,115.00,https://www.sunrom.com/m/4857,"Enclosure 100x60x25mm - Black"
4845,400.00,https://www.sunrom.com/m/4845,"USB programmer for Atmel AVR controllers"
4844,650.00,https://www.sunrom.com/m/4844,"ADC Board, Dual 16 bit, SPI, AD7705/TM7705"
4832,480.00,https://www.sunrom.com/m/4832,"Combustible Gas Sensor - MQ6"
4831,145.00,https://www.sunrom.com/m/4831,"DC-DC Boost 2A, MicroUSB - MT3608"
1430,1375.00,https://www.sunrom.com/m/1430,"USB - RS485 Isolated Converter Industrial Grade"
4451,120.00,https://www.sunrom.com/m/4451,"5V DC-DC Boost, Step up, CE8301"
4255,518.00,https://www.sunrom.com/m/4255,"WiFi Module - ESP8266 - IPEX - ESP-07"
5359,12.00,https://www.sunrom.com/m/5359,"100uF 16V (107C B3528) Tantalum"
4828,0.50,https://www.sunrom.com/m/4828,"QC Passed Sticker with Manufacturer Month/Year Marking"
4753,435.00,https://www.sunrom.com/m/4753,"Alcohol Sensor Module - MQ3"
4812,2.00,https://www.sunrom.com/m/4812,"S8050 J3Y NPN SOT-23 SMD 0.5A 40V"
4815,580.00,https://www.sunrom.com/m/4815,STM32F407VET6
4814,635.00,https://www.sunrom.com/m/4814,STM32F103ZET6
4813,285.00,https://www.sunrom.com/m/4813,STM32F103VCT6
4811,10.00,https://www.sunrom.com/m/4811,"HT7533-1 SOT-89"
4810,10.00,https://www.sunrom.com/m/4810,"HT7550-1 SOT-89"
4349,265.00,https://www.sunrom.com/m/4349,STM32F103RBT6
1428,85.00,https://www.sunrom.com/m/1428,"RF Receiver ASK - 433 MHZ"
4802,2.00,https://www.sunrom.com/m/4802,"Anti Static Bag 6*10cm"
4801,21.50,https://www.sunrom.com/m/4801,"Piezo Passive Buzzer 14mm"
4798,1840.00,https://www.sunrom.com/m/4798,"TSSOP20 - 0.65mm - Body 6.5x4.4mm - ZIF Socket"
4720,225.00,https://www.sunrom.com/m/4720,"STM32F103C8 - LQFP48"
4737,120.00,https://www.sunrom.com/m/4737,"STM8S003F3 - STM8S003F3P6"
4739,92.00,https://www.sunrom.com/m/4739,"STM8S105K4 - STM8S105K4T6C - LQFP32 "
1429,180.00,https://www.sunrom.com/m/1429,"Pogo Pin Test Setup - 2.54mm Pitch"
4755,9.00,https://www.sunrom.com/m/4755,"TVS Diode 5V - Unidirectional - SMAJ5.0A"
1421,155.00,https://www.sunrom.com/m/1421,"RF Decoder - PT2272 - 433 Mhz"
4735,500.00,https://www.sunrom.com/m/4735,"STM8 Dev Board - STM8S105K4"
4766,2.00,https://www.sunrom.com/m/4766,"4.7uF 475 50V X7R AVX SMD 1206"
4765,2.25,https://www.sunrom.com/m/4765,"2.2uF 225 50V X7R AVX SMD 1206"
1418,445.00,https://www.sunrom.com/m/1418,"RF Serial Data Link UART, 2.4 Ghz"
4740,12.00,https://www.sunrom.com/m/4740,"10K Preset 3362 P-103"
4668,12.00,https://www.sunrom.com/m/4668,"50K Preset 3362 P-503"
4761,1625.00,https://www.sunrom.com/m/4761,"Serial UART To Ethernet Converter,TCP/IP Module - USR-TCP232-T"
4653,17.50,https://www.sunrom.com/m/4653,"MicroUSB Connector with through hole support Legs"
4673,40.00,https://www.sunrom.com/m/4673,"SOIC24 SSOP24 TSSOP24 0.65mm 1.27mm  SMD Adapter PCB"
4743,40.00,https://www.sunrom.com/m/4743,"QFP32 0.8mm SMD Adapter PCB"
4655,60.00,https://www.sunrom.com/m/4655,"QFP64 - QFN64 0.5mm / 0.8mm Adapter PCB"
4675,55.00,https://www.sunrom.com/m/4675,"QFN16 0.5mm 0.65mm SMD Adapter PCB"
4685,50.00,https://www.sunrom.com/m/4685,"QFN32 QFN40 0.5mm SMD Adapter PCB"
4651,30.00,https://www.sunrom.com/m/4651,"SOIC28 SOP28 TSSOP SSOP28 0.65mm 1.27mm Adapter PCB"
4658,12.00,https://www.sunrom.com/m/4658,"SOT223 / SOT89 - SMD Adapter PCB"
4654,12.00,https://www.sunrom.com/m/4654,"SOT23 SMD Adapter PCB"
4667,190.00,https://www.sunrom.com/m/4667,"FFC / FPC Breakout PCB for 0.5mm & 1mm up to 50 pins"
4649,95.00,https://www.sunrom.com/m/4649,"IR Proximity Sensor"
1208,12.00,https://www.sunrom.com/m/1208,"8 Pin 0.65/1.27mm ICs Adapter PCB"
3182,20.00,https://www.sunrom.com/m/3182,"10 Pin 0.5/0.95mm ICs Adapter PCB"
4686,30.00,https://www.sunrom.com/m/4686,LM2596S-3.3
4687,30.00,https://www.sunrom.com/m/4687,LM2596S-5.0
4688,8.50,https://www.sunrom.com/m/4688,"10uF 25V (106) Tantalum"
5338,2.00,https://www.sunrom.com/m/5338,"5P JST XH 2.5mm Housing"
5339,2.80,https://www.sunrom.com/m/5339,"5P JST XH 2.5mm Top Entry Header"
4727,175.00,https://www.sunrom.com/m/4727,"Temperature Sensor Probe - 10K NTC - Waterproof"
4691,50.00,https://www.sunrom.com/m/4691,"RS232-TTL module MAX3232 "
4722,210.00,https://www.sunrom.com/m/4722,"8-Way level conversion board - TXS0108E"
4731,245.00,https://www.sunrom.com/m/4731,"STM8 Dev Board - STM8S103F3"
4700,22.00,https://www.sunrom.com/m/4700,"TM1650 - LED Display/Keypad Driver"
4693,700.00,https://www.sunrom.com/m/4693,"STM32F103C8T6 Dev Board"
4694,410.00,https://www.sunrom.com/m/4694,"STM32 ARM Cortex M0 Dev Board - STM32F030"
4666,95.00,https://www.sunrom.com/m/4666,"Temperature Sensor module - NTC"
4695,95.00,https://www.sunrom.com/m/4695,"Light Sensor Module - Photodiode"
4021,30.00,https://www.sunrom.com/m/4021,BTA12/600
4641,315.00,https://www.sunrom.com/m/4641,"WiFi Module - ESP8266 - 4x2 Header ESP-01"
4640,110.00,https://www.sunrom.com/m/4640,"TTP229-BSF 8229BSF SSOP28 SPI"
5336,0.40,https://www.sunrom.com/m/5336,"4K7 1% 0603"
4588,1475.00,https://www.sunrom.com/m/4588,"PICKIT2 - PIC Programmer USB"
4632,300.00,https://www.sunrom.com/m/4632,"4 Channel Capacitive Touch Module - TTP224"
4630,400.00,https://www.sunrom.com/m/4630,"8/16 Channel Capacitive Touch Module - TTP229"
4633,48.00,https://www.sunrom.com/m/4633,"TTP224N-BSB SSOP16"
4554,35.00,https://www.sunrom.com/m/4554,"A3144 TO-92 - Hall Effect Switch"
4307,9.50,https://www.sunrom.com/m/4307,"SI2301 - A1SHB - P-Channel Logic Level Mosfet"
3889,18.00,https://www.sunrom.com/m/3889,"Spring Test Probe Pogo pin - Pointed Head"
4031,12.00,https://www.sunrom.com/m/4031,"10 Way Flat Cable per Foot"
4014,65.00,https://www.sunrom.com/m/4014,"M62429 - Digital Pot"
4774,0.40,https://www.sunrom.com/m/4774,"1K5 1% 0805"
4348,2.00,https://www.sunrom.com/m/4348,"1uF 105 SMD 50V X7R 1206 AVX"
4604,3.50,https://www.sunrom.com/m/4604,"Warranty Sticker"
3933,9.65,https://www.sunrom.com/m/3933,"RGB LED 5mm Common Cathode Diffused"
3885,10.00,https://www.sunrom.com/m/3885,"AMS1117-5.0 SOT223"
4564,15.00,https://www.sunrom.com/m/4564,"10K Preset 3296W-103"
4563,12.00,https://www.sunrom.com/m/4563,"78M05 (LM7805 SMD)"
4418,1.00,https://www.sunrom.com/m/4418,"1N4148 - 1N4148WS - T4 - SMD - SOD323 (0805)"
4245,15.00,https://www.sunrom.com/m/4245,"ULN2003A - SOIC16 - SMD"
4615,8.00,https://www.sunrom.com/m/4615,"SI2302 - N-Channel Logic Level Mosfet"
3901,480.00,https://www.sunrom.com/m/3901,"Mifare RFID Reader/Writer 13.56MHz RC522 SPI"
4608,3.00,https://www.sunrom.com/m/4608,"PCB Spacers, 6mm Height"
4007,7.75,https://www.sunrom.com/m/4007,"100uF 35V 6.3x7.7mm SMD Aluminum"
3949,15.00,https://www.sunrom.com/m/3949,"220uF 50V 10x10.2mm SMD Aluminum"
4598,25.00,https://www.sunrom.com/m/4598,"Socket for MQ Series Gas Sensor"
3794,35.00,https://www.sunrom.com/m/3794,"SM712 - TVS diode for RS485"
4172,0.80,https://www.sunrom.com/m/4172,1N4148
4610,28.00,https://www.sunrom.com/m/4610,"Terminal 3P R/A 3.81mm"
4435,18.00,https://www.sunrom.com/m/4435,"CD4093 SMD"
4558,2.00,https://www.sunrom.com/m/4558,"10uF 106 SMD 50V X7R 1206 AVX"
4601,450.00,https://www.sunrom.com/m/4601,"Combustible gas + CO Gas Sensor MQ9"
4600,580.00,https://www.sunrom.com/m/4600,"Air Quality Sensor - MQ135 "
4597,450.00,https://www.sunrom.com/m/4597,"Carbon Monoxide(CO) Gas Sensor MQ7"
4596,450.00,https://www.sunrom.com/m/4596,"LPG Gas Sensor MQ2"
4593,180.00,https://www.sunrom.com/m/4593,"Hall sensor module - A3144"
4592,175.00,https://www.sunrom.com/m/4592,"Optical Slot Sensor"
3817,95.00,https://www.sunrom.com/m/3817,"Vibration detecting module"
4599,175.00,https://www.sunrom.com/m/4599,"Loadcell sensor 24 bit ADC - HX711"
4594,95.00,https://www.sunrom.com/m/4594,"Line/Obstacle sensor - TCRT5000"
4591,95.00,https://www.sunrom.com/m/4591,"Fire Flame Sensor Module"
4589,95.00,https://www.sunrom.com/m/4589,"Light Sensing Module - LDR"
3810,1450.00,https://www.sunrom.com/m/3810,"Infrared Non-contact Temperature Sensing Module - MLX90614"
4607,1.00,https://www.sunrom.com/m/4607,"QC Passed Sticker"
5237,14.78,https://www.sunrom.com/m/5237,"Black Wire 23/38 SWG/Meter"
5236,14.78,https://www.sunrom.com/m/5236,"Red Wire 23/38 SWG/Meter"
5235,8.91,https://www.sunrom.com/m/5235,"Black Wire 14/38 SWG/Meter"
5234,8.91,https://www.sunrom.com/m/5234,"Red Wire 14/38 SWG/Meter"
5233,4.57,https://www.sunrom.com/m/5233,"Green Wire 7/38 SWG/Meter"
5232,4.57,https://www.sunrom.com/m/5232,"White Wire 7/38 SWG/Meter"
5231,4.57,https://www.sunrom.com/m/5231,"Black Wire 7/38 SWG/Meter"
5230,4.57,https://www.sunrom.com/m/5230,"Red Wire 7/38 SWG/Meter"
5219,55.00,https://www.sunrom.com/m/5219,"RFID Card 13.56 MHz"
4590,1450.00,https://www.sunrom.com/m/4590,"SOIC28 - 1.27mm - Body 7.5mm - ZIF Socket"
5203,2.00,https://www.sunrom.com/m/5203,"S8550 2TY PNP SOT-23 SMD 0.5A 40V"
5161,0.40,https://www.sunrom.com/m/5161,"220K 1% 0603"
4573,48.00,https://www.sunrom.com/m/4573,"EV1527  RF Encoder 4 Bits"
5195,0.45,https://www.sunrom.com/m/5195,"39R  CFR 1/4W"
5192,0.40,https://www.sunrom.com/m/5192,"10K 1% 0603"
5191,0.40,https://www.sunrom.com/m/5191,"1K 1% 0603"
5190,2.20,https://www.sunrom.com/m/5190,"100nF(104) SMD 0603"
4059,1550.00,https://www.sunrom.com/m/4059,"STM32F103RBT6 Dev Board"
4330,475.00,https://www.sunrom.com/m/4330,"WiFi Module - ESP8266 - PCB Antenna - ESP-12E"
4585,120.00,https://www.sunrom.com/m/4585,"I2C LCD Backpack - PCF8574"
3004,22.00,https://www.sunrom.com/m/3004,"AMC7135 - DC LED Driver CC"
4076,38.00,https://www.sunrom.com/m/4076,"SS49E - Hall Sensor - Linear Analog"
4499,500.00,https://www.sunrom.com/m/4499,"ENC28J60 Module"
4577,580.00,https://www.sunrom.com/m/4577,"AM2302 (DHT22) Temperature & Humidity Sensor"
4574,19.00,https://www.sunrom.com/m/4574,"SOIC20/TSSOP20/SSOP20 Adapter"
4542,20.00,https://www.sunrom.com/m/4542,"Alligator Clip - Black"
4541,20.00,https://www.sunrom.com/m/4541,"Alligator Clip - Red"
4580,10.00,https://www.sunrom.com/m/4580,"40x1 Female Header Strip"
4575,2399.00,https://www.sunrom.com/m/4575,"ECG Sensor Module - AD8232"
4861,2.20,https://www.sunrom.com/m/4861,"Screw M4 Thread, 37mm Height"
4860,1.00,https://www.sunrom.com/m/4860,"Hardware Screw for DB9 connector mounting"
4795,85.00,https://www.sunrom.com/m/4795,"Enclosure 70x45x18mm Black"
4572,140.00,https://www.sunrom.com/m/4572,"Lithium Battery Charger - MiniUSB - TP4056 1A"
4571,9.00,https://www.sunrom.com/m/4571,"SS54 SMD 5A 40V Schottky Diode"
4570,25.00,https://www.sunrom.com/m/4570,"High Quality MIC"
4568,20.00,https://www.sunrom.com/m/4568,"SRV05-4 - ESD Protection"
4547,75.00,https://www.sunrom.com/m/4547,"W25Q64FVSSIG - 8MB SPI Flash"
4310,115.00,https://www.sunrom.com/m/4310,"Rotary Encoder"
3656,45.00,https://www.sunrom.com/m/3656,"TP4056 - SOIC8 - Li-on Battery Charger IC 1A"
4549,2.00,https://www.sunrom.com/m/4549,"SS14 Diode, SMD"
4263,10.00,https://www.sunrom.com/m/4263,"LM358 - SMD"
4146,67.00,https://www.sunrom.com/m/4146,BPW34
4124,245.00,https://www.sunrom.com/m/4124,AD8232
3846,68.00,https://www.sunrom.com/m/3846,"PIC12F675-I/SN SMD"
3875,19.50,https://www.sunrom.com/m/3875,"SN75176 - SMD"
4519,285.00,https://www.sunrom.com/m/4519,"RS485-TTL Module"
4517,15.00,https://www.sunrom.com/m/4517,"500mA PPTC Resettable Fuses"
4516,7.80,https://www.sunrom.com/m/4516,"DB107S - 1A Diode Bridge, SMD"
4514,180.00,https://www.sunrom.com/m/4514,"Stereo Audio Amplifier - PAM8403 with Volume Control"
4309,18.00,https://www.sunrom.com/m/4309,"Replacement switch for mouse"
4273,7.50,https://www.sunrom.com/m/4273,"Slide Switch - SMD - 1P2T - 7 pins"
4809,0.20,https://www.sunrom.com/m/4809,"0R 0805 - SMD Jumper"
4397,30.00,https://www.sunrom.com/m/4397,MCP6002-I/SN
4448,10.00,https://www.sunrom.com/m/4448,"EL357 (PC817 SMD)"
4444,28.00,https://www.sunrom.com/m/4444,LM2596S-ADJ
4313,375.00,https://www.sunrom.com/m/4313,"USB-TTL UART Module - CP2102"
4509,45.00,https://www.sunrom.com/m/4509,"50K Stereo Volume Control"
4510,22.00,https://www.sunrom.com/m/4510,"USBLC6-2SC6 - ESD Protection"
4270,6.00,https://www.sunrom.com/m/4270,"47uH SMD, 60mA Inductor"
4029,245.00,https://www.sunrom.com/m/4029,"Alcohol Sensor - MQ3"
3736,15.00,https://www.sunrom.com/m/3736,"Small Condensor MIC"
4402,28.00,https://www.sunrom.com/m/4402,"12V Battery 23AE 23A"
4323,0.60,https://www.sunrom.com/m/4323,"Cable Tie 100x2.5mm"
3842,20.00,https://www.sunrom.com/m/3842,"CR2032 Battery"
4498,170.00,https://www.sunrom.com/m/4498,"DC-DC Step Down 3A"
4497,680.00,https://www.sunrom.com/m/4497,"ST-Link V2"
4492,25.00,https://www.sunrom.com/m/4492,"Battery Socket for CR1220"
4395,8.50,https://www.sunrom.com/m/4395,"40x1 Header Strip 2.54mm Pitch, Right Angle"
4189,8.00,https://www.sunrom.com/m/4189,"Battery Holder for CR2032 - Plastic"
3741,8.00,https://www.sunrom.com/m/3741,"Heatsink for TO-220"
4505,0.40,https://www.sunrom.com/m/4505,"100R 1% 0805"
4495,2150.00,https://www.sunrom.com/m/4495,"Barcode Reader, USB"
4486,875.00,https://www.sunrom.com/m/4486,"Ultravoilet(UV) Light Radiation Sensor"
4480,15.00,https://www.sunrom.com/m/4480,TTP223-BA6
3960,125.00,https://www.sunrom.com/m/3960,"RF Module, 2.4Ghz, nRF24L01+"
4471,15.00,https://www.sunrom.com/m/4471,TSOP1838
4473,8.00,https://www.sunrom.com/m/4473,"RGB LED SMD 5050"
4475,48.00,https://www.sunrom.com/m/4475,"44-48 pin Quad 0.5mm Pitch Adapter PCB"
4476,48.00,https://www.sunrom.com/m/4476,"32-100 pins 0.5/.8mm Quad ICs Adapter PCB"
1231,980.00,https://www.sunrom.com/m/1231,"Text to Speech - TTS Module"
4367,180.00,https://www.sunrom.com/m/4367,"433 Mhz Antenna - IPEX/IPX"
4455,0.85,https://www.sunrom.com/m/4455,"M7 - (1N4007 SMD) 1A Diode "
4443,125.00,https://www.sunrom.com/m/4443,"Enclosure 90x70x28mm - Black"
4436,4.00,https://www.sunrom.com/m/4436,"Rubber Feet"
4248,30.00,https://www.sunrom.com/m/4248,"6 Core Cable, 1 Meters per quantity"
3983,10.00,https://www.sunrom.com/m/3983,"4 pin JST XH, 2.5mm, M+F, Side Entry"
3982,7.50,https://www.sunrom.com/m/3982,"3 pin JST XH, 2.5mm, M+F, Side Entry"
3921,24.00,https://www.sunrom.com/m/3921,"4 Core Cable, 1 Meters per quantity"
4169,12.00,https://www.sunrom.com/m/4169,"ECG Electrode"
4128,135.00,https://www.sunrom.com/m/4128,"Solid State Relay(SSR) DC(5V) - AC(100-240V) 2A"
3744,115.00,https://www.sunrom.com/m/3744,"CP2102 - USB to UART Bridge"
4420,7.50,https://www.sunrom.com/m/4420,"Tactile Switch 12x12x8mm"
4366,20.00,https://www.sunrom.com/m/4366,"Smart RGB LED"
4410,1.45,https://www.sunrom.com/m/4410,"Green SMD LED 0805"
1437,2745.00,https://www.sunrom.com/m/1437,"Blood Pressure Sensor - Serial output"
4364,30.00,https://www.sunrom.com/m/4364,"40x1 Socket Strip, Machine Round Pins"
4365,68.00,https://www.sunrom.com/m/4365,"40x1 Header Strip, Machine Round Pins"
4384,6.50,https://www.sunrom.com/m/4384,"Hex Spacer"
4393,295.00,https://www.sunrom.com/m/4393,"SST89E516RD - DIP, 8051, 64KB"
4389,55.00,https://www.sunrom.com/m/4389,"3 way navigation switch"
4388,3.00,https://www.sunrom.com/m/4388,"SMD Tactile Switch, 3x6x2.5mm"
4387,120.00,https://www.sunrom.com/m/4387,"Stereo Audio Amplifier - PAM8403"
4379,84.00,https://www.sunrom.com/m/4379,"5 way tactile switch"
4378,330.00,https://www.sunrom.com/m/4378,"Digital Light Sensor - BH1750FVI"
4360,230.00,https://www.sunrom.com/m/4360,"ADXL345 - Acceleration Sensor, Digital Interface"
1307,1450.00,https://www.sunrom.com/m/1307,"Serial UART to USB Pen Drive"
1322,1500.00,https://www.sunrom.com/m/1322,"Serial Data Logger to USB Pen Drive"
1320,1500.00,https://www.sunrom.com/m/1320,"Analog Data Logger to USB Pen Drive"
3868,375.00,https://www.sunrom.com/m/3868,"DC-DC 5V-5V Isolated Module B0505S-1W"
4316,280.00,https://www.sunrom.com/m/4316,"DC-DC Step Up Boost 4A - XL6009"
4314,220.00,https://www.sunrom.com/m/4314,"DC-DC Step Down 3A - LM2596"
4304,4.50,https://www.sunrom.com/m/4304,"SMD Tactile Switch, 4x4x1.5mm"
4293,14.45,https://www.sunrom.com/m/4293,"USB Mini-B SMD Connector"
4292,155.00,https://www.sunrom.com/m/4292,"Stepper Motor Driver Module A4988 + Heatsink"
1305,1200.00,https://www.sunrom.com/m/1305,"USB Keyboard Decoder - Serial Output"
1278,1200.00,https://www.sunrom.com/m/1278,"USB Mouse Decoder - Serial Output"
4279,1.45,https://www.sunrom.com/m/4279,"Yellow SMD LED 0805"
4265,1.25,https://www.sunrom.com/m/4265,"Yellow LED 3mm"
4264,1.25,https://www.sunrom.com/m/4264,"Green LED 3mm"
4171,1.25,https://www.sunrom.com/m/4171,"Red SMD LED 0805"
4098,200.00,https://www.sunrom.com/m/4098,"MCP4921 - 12-bit DAC"
3871,24.00,https://www.sunrom.com/m/3871,"Relay 5V 10A"
1325,425.00,https://www.sunrom.com/m/1325,"Current Sensor 20A - ACS712"
4055,2950.00,https://www.sunrom.com/m/4055,"Debug Adapter for ARM/Cortex"
4053,315.00,https://www.sunrom.com/m/4053,"NEC format Remote + Serial Output Decoder"
4052,285.00,https://www.sunrom.com/m/4052,"RC5 format Remote + Serial Output Decoder"
1289,625.00,https://www.sunrom.com/m/1289,"Dimmer Module - Digital Control - 256 Steps"
3934,800.00,https://www.sunrom.com/m/3934,"SPO2 Sensor Probe for Pulse Oximetry"
3931,320.00,https://www.sunrom.com/m/3931,"Gyro+Accelerometer Sensor, 3 Axis based on MPU-6050"
3928,270.00,https://www.sunrom.com/m/3928,"Strain Guage, Resistive"
3927,95.00,https://www.sunrom.com/m/3927,"Matrix Keypad 4x4, Membrane type, Self Adhesive"
3916,1.25,https://www.sunrom.com/m/3916,"Red LED 3mm"
3904,545.00,https://www.sunrom.com/m/3904,"Liquid Flow Sensor"
3903,27.00,https://www.sunrom.com/m/3903,"Laser Diode - 5mW 650nm Red"
3902,435.00,https://www.sunrom.com/m/3902,"Digital Temperature Sensor Probe, Waterproof, DS18B20"
3900,500.00,https://www.sunrom.com/m/3900,"SOIC8, SOP8 SMD ZIF Socket for Narrow Body 3.81mm having 1.27mm pitch"
3857,175.00,https://www.sunrom.com/m/3857,"8x8 LED Matrix Display - Red 2"" Inch"
1300,925.00,https://www.sunrom.com/m/1300,"Wireless Power Transfer Modules"
1279,500.00,https://www.sunrom.com/m/1279,"ZIF Adapter Board for PICKIT Programmer"
1113,2000.00,https://www.sunrom.com/m/1113,"LED Moving Message Display 362x72mm"
4567,10.00,https://www.sunrom.com/m/4567,"PCB for RS232 to RS485 (Full Duplex)"
4566,10.00,https://www.sunrom.com/m/4566,"PCB for RS232 Interface Tester"
4776,0.40,https://www.sunrom.com/m/4776,"2K2 1% 0805"
4657,1150.00,https://www.sunrom.com/m/4657,"3K3 0805 1% SMD (Reel of 5000)"
4682,1150.00,https://www.sunrom.com/m/4682,"22K 0805 1% SMD (Reel of 5000)"
4721,1150.00,https://www.sunrom.com/m/4721,"33K 0805 1% SMD (Reel of 5000)"
4719,1150.00,https://www.sunrom.com/m/4719,"47K 0805 1% SMD (Reel of 5000)"
4650,1150.00,https://www.sunrom.com/m/4650,"100K 0805 1% SMD (Reel of 5000)"
4728,1150.00,https://www.sunrom.com/m/4728,"1R 0603 1% SMD (Reel of 5000)"
4716,1150.00,https://www.sunrom.com/m/4716,"10R 0603 1% SMD (Reel of 5000)"
4717,1150.00,https://www.sunrom.com/m/4717,"22R 0603 1% SMD (Reel of 5000)"
4718,1150.00,https://www.sunrom.com/m/4718,"33R 0603 1% SMD (Reel of 5000)"
4715,1150.00,https://www.sunrom.com/m/4715,"47R 0603 1% SMD (Reel of 5000)"
4726,1150.00,https://www.sunrom.com/m/4726,"100R 0603 1% SMD (Reel of 5000)"
4714,1150.00,https://www.sunrom.com/m/4714,"220R 0603 1% SMD (Reel of 5000)"
4713,1150.00,https://www.sunrom.com/m/4713,"330R 0603 1% SMD (Reel of 5000)"
4711,1150.00,https://www.sunrom.com/m/4711,"470R 0603 1% SMD (Reel of 5000)"
4710,1150.00,https://www.sunrom.com/m/4710,"1K 0603 1% SMD (Reel of 5000)"
4660,1150.00,https://www.sunrom.com/m/4660,"2K2 0603 1% SMD (Reel of 5000)"
4661,1150.00,https://www.sunrom.com/m/4661,"3K3 0603 1% SMD (Reel of 5000)"
4662,1150.00,https://www.sunrom.com/m/4662,"4K7 0603 1% SMD (Reel of 5000)"
4709,1150.00,https://www.sunrom.com/m/4709,"10K 0603 1% SMD (Reel of 5000)"
4708,1150.00,https://www.sunrom.com/m/4708,"33K 0603 1% SMD (Reel of 5000)"
4730,1150.00,https://www.sunrom.com/m/4730,"220K 0805 1% SMD (Reel of 5000)"
4665,1150.00,https://www.sunrom.com/m/4665,"47K 0603 1% SMD (Reel of 5000)"
4712,1150.00,https://www.sunrom.com/m/4712,"100K 0603 1% SMD (Reel of 5000)"
4707,1150.00,https://www.sunrom.com/m/4707,"220K 0603 1% SMD (Reel of 5000)"
4706,1150.00,https://www.sunrom.com/m/4706,"470K 0603 1% SMD (Reel of 5000)"
4664,1150.00,https://www.sunrom.com/m/4664,"1M 0603 1% SMD (Reel of 5000)"
4705,1150.00,https://www.sunrom.com/m/4705,"2M2 0603 1% SMD (Reel of 5000)"
4704,1150.00,https://www.sunrom.com/m/4704,"470K 0805 1% SMD (Reel of 5000)"
4701,1150.00,https://www.sunrom.com/m/4701,"1R 0805 1% SMD (Reel of 5000)"
4670,1150.00,https://www.sunrom.com/m/4670,"10R 0805 1% SMD (Reel of 5000)"
4702,1150.00,https://www.sunrom.com/m/4702,"22R 0805 1% SMD (Reel of 5000)"
4669,1150.00,https://www.sunrom.com/m/4669,"2M2 0805 1% SMD (Reel of 5000)"
4659,1150.00,https://www.sunrom.com/m/4659,"33R 0805 1% SMD (Reel of 5000)"
4729,1150.00,https://www.sunrom.com/m/4729,"1M 0805 1% SMD (Reel of 5000)"
4671,1150.00,https://www.sunrom.com/m/4671,"47R 0805 1% SMD (Reel of 5000)"
4663,1150.00,https://www.sunrom.com/m/4663,"100R 0805 1% SMD (Reel of 5000)"
4656,1150.00,https://www.sunrom.com/m/4656,"220R 0805 1% SMD (Reel of 5000)"
4698,1150.00,https://www.sunrom.com/m/4698,"330R 0805 1% SMD (Reel of 5000)"
4699,1150.00,https://www.sunrom.com/m/4699,"470R 0805 1% SMD (Reel of 5000)"
4696,1150.00,https://www.sunrom.com/m/4696,"1K 0805 1% SMD (Reel of 5000)"
4697,1150.00,https://www.sunrom.com/m/4697,"2K2 0805 1% SMD (Reel of 5000)"
5354,0.40,https://www.sunrom.com/m/5354,"10R 1% 0603"
5343,0.40,https://www.sunrom.com/m/5343,"120R 1% 0603"
5304,1150.00,https://www.sunrom.com/m/5304,"1K5 0805 1% SMD (Reel of 5000)"
5160,0.40,https://www.sunrom.com/m/5160,"220R 1% 0603"
5159,0.40,https://www.sunrom.com/m/5159,"22K 1% 0603"
5341,2.00,https://www.sunrom.com/m/5341,"22pF SMD 0603"
5340,0.40,https://www.sunrom.com/m/5340,"1M 1% 0603"
5267,1150.00,https://www.sunrom.com/m/5267,"0R 0805 SMD (Reel of 5000)"
5268,0.40,https://www.sunrom.com/m/5268,"18K 1% 0603"
5388,170.00,https://www.sunrom.com/m/5388,"Single Channel Capacitive Touch Module - TTP223 "
4553,4.00,https://www.sunrom.com/m/4553,"100K Cermet Preset"
5266,25.00,https://www.sunrom.com/m/5266,"10 pin JST XH, 2.5mm, M+F, Side Entry"
4741,95.00,https://www.sunrom.com/m/4741,"Sound Sensor Module - MIC"
4533,0.45,https://www.sunrom.com/m/4533,"100K CFR 1/4W"
4531,0.45,https://www.sunrom.com/m/4531,"10R CFR 1/4W"
4506,0.40,https://www.sunrom.com/m/4506,"2M2 1% 0805"
4479,2.00,https://www.sunrom.com/m/4479,"100pF 0805"
5399,248.00,https://www.sunrom.com/m/5399,"Mounting Bracket - Clamping Kit for Fingerprint Sensors R305 R307 - Silver"
4454,12.00,https://www.sunrom.com/m/4454,"DB9 Male PCB Mount R/A"
4447,4.50,https://www.sunrom.com/m/4447,"SS34 SMA SMD 3A 40V Schottky Diode"
4446,30.00,https://www.sunrom.com/m/4446,"33uH (330) SMD 12mm Inductor"
4427,0.40,https://www.sunrom.com/m/4427,"22R 1% 0805"
4421,0.40,https://www.sunrom.com/m/4421,"10R 1% 0805"
4412,0.40,https://www.sunrom.com/m/4412,"220R 1% 0805"
4648,1150.00,https://www.sunrom.com/m/4648,"4K7 0805 1% SMD (Reel of 5000)"
5108,0.40,https://www.sunrom.com/m/5108,"100K 1% 0603"
4370,0.40,https://www.sunrom.com/m/4370,"1K 1% 0805"
5393,5.00,https://www.sunrom.com/m/5393,"8P JST XH 2.5mm Top Entry Header"
5258,0.40,https://www.sunrom.com/m/5258,"470R 1% 0603"
4322,0.40,https://www.sunrom.com/m/4322,"22K 1% 0805"
4321,0.40,https://www.sunrom.com/m/4321,"33K 1% 0805"
4301,6.00,https://www.sunrom.com/m/4301,"40 pin IC Socket"
4298,0.40,https://www.sunrom.com/m/4298,"220K 1% 0805"
4294,120.00,https://www.sunrom.com/m/4294,"Mini-USB Cable"
4285,5.00,https://www.sunrom.com/m/4285,"10K resistor network 9 pin"
4283,15.00,https://www.sunrom.com/m/4283,"25 Mhz Crystal"
4282,12.00,https://www.sunrom.com/m/4282,"11.0592 Mhz Crystal"
4276,0.40,https://www.sunrom.com/m/4276,"3K3 1% 0805"
4275,0.40,https://www.sunrom.com/m/4275,"100K 1% 0805"
4274,0.40,https://www.sunrom.com/m/4274,"4K7 1% 0805"
4271,8.85,https://www.sunrom.com/m/4271,"USB A-Type Female PCB R/A"
4679,1150.00,https://www.sunrom.com/m/4679,"10K 0805 1% SMD (Reel of 5000)"
4756,0.40,https://www.sunrom.com/m/4756,"470K 1% 0805"
4252,9.00,https://www.sunrom.com/m/4252,"XC6206P332MR (662K)"
4249,3.00,https://www.sunrom.com/m/4249,"16 pin IC Socket"
4236,2.00,https://www.sunrom.com/m/4236,"5.6pF SMD 0805"
3218,2.20,https://www.sunrom.com/m/3218,"10nF(103) MLCC"
3217,2.65,https://www.sunrom.com/m/3217,"10uF 63V Keltron - Radial Diameter 5mm"
3216,2.50,https://www.sunrom.com/m/3216,"1uF 63V Keltron - Radial Diameter 5mm"
4202,12.00,https://www.sunrom.com/m/4202,"1000uF 25V Keltron - Radial Diameter 10mm"
4200,5.00,https://www.sunrom.com/m/4200,"28 pin IC Socket"
4198,0.40,https://www.sunrom.com/m/4198,"68K 1% 0805"
4196,10.00,https://www.sunrom.com/m/4196,"74HC14 - SMD"
4194,2.00,https://www.sunrom.com/m/4194,"22pF SMD 0805"
4191,0.40,https://www.sunrom.com/m/4191,"47K 1% 0805"
4186,15.00,https://www.sunrom.com/m/4186,"8 Mhz Crystal"
4163,15.00,https://www.sunrom.com/m/4163,"47nF 630V Box Type"
4155,25.00,https://www.sunrom.com/m/4155,"Heat Shrink Tube - 15mm Dia, 1 Meter Length"
4152,15.00,https://www.sunrom.com/m/4152,"PCB for Memory Card 3V Interface"
4150,2.00,https://www.sunrom.com/m/4150,"8 pin IC Socket"
4149,18.00,https://www.sunrom.com/m/4149,"Electromagnetic Active Buzzer 5V"
4148,2.00,https://www.sunrom.com/m/4148,"3.3nF SMD 0805"
4145,0.40,https://www.sunrom.com/m/4145,"1M 1% 0805"
4140,2.00,https://www.sunrom.com/m/4140,BC557
4138,0.45,https://www.sunrom.com/m/4138,"4K7 CFR 1/4W"
4137,1.00,https://www.sunrom.com/m/4137,"1N4007 - 1A - 1KV - DO-41"
4136,0.45,https://www.sunrom.com/m/4136,"1K CFR 1/4W"
4135,0.45,https://www.sunrom.com/m/4135,"470R CFR 1/4W"
4134,2.00,https://www.sunrom.com/m/4134,"100nF(104) MLCC"
4126,0.45,https://www.sunrom.com/m/4126,"100R CFR 1/4W"
4123,3.00,https://www.sunrom.com/m/4123,BAT54
4119,48.00,https://www.sunrom.com/m/4119,"SMA Female R/A PCB"
4114,3.50,https://www.sunrom.com/m/4114,BAT85
4111,1.50,https://www.sunrom.com/m/4111,BC547
4099,12.00,https://www.sunrom.com/m/4099,IRLML2502TRPBF
4647,1150.00,https://www.sunrom.com/m/4647,"22K 0603 1% SMD (Reel of 5000)"
4069,4.00,https://www.sunrom.com/m/4069,"10K Cermet Preset"
4068,0.40,https://www.sunrom.com/m/4068,"10K 1% 0805"
4067,0.40,https://www.sunrom.com/m/4067,"470R 1% 0805"
4065,2.65,https://www.sunrom.com/m/4065,"100uF 25V Keltron - Radial Diameter 6.3mm"
4061,22.00,https://www.sunrom.com/m/4061,"PS/2 Keyboard Socket"
4036,0.45,https://www.sunrom.com/m/4036,"10K CFR 1/4W"
4035,2.00,https://www.sunrom.com/m/4035,"1nF(102) SMD 0805"
4034,2.00,https://www.sunrom.com/m/4034,"10nF(103) SMD 0805"
4017,2150.00,https://www.sunrom.com/m/4017,"SPO2 Sensor Probe for Pulse Oximetry - High Quality"
4016,25.00,https://www.sunrom.com/m/4016,"Reed Switch - 12mm"
4008,0.40,https://www.sunrom.com/m/4008,"120R 1% 0805"
4005,1.45,https://www.sunrom.com/m/4005,"White SMD LED 0805"
4004,10.00,https://www.sunrom.com/m/4004,"AMS1117-3.3 SOT223"
3996,15.00,https://www.sunrom.com/m/3996,"12 Mhz Crystal"
3993,18.00,https://www.sunrom.com/m/3993,"PCB for MAX6675"
3981,12.00,https://www.sunrom.com/m/3981,"DB9 Female - Wire Solder - Gray Cover"
3980,12.00,https://www.sunrom.com/m/3980,"DB9 Male - Wire Solder - Gray Cover"
3979,220.00,https://www.sunrom.com/m/3979,"ACS712 20A IC"
3971,9.00,https://www.sunrom.com/m/3971,"10 pin Box Header, Straight"
3969,3.00,https://www.sunrom.com/m/3969,"18 pin IC Socket"
3968,4.00,https://www.sunrom.com/m/3968,"20 pin IC Socket"
3967,2.50,https://www.sunrom.com/m/3967,"14 pin IC Socket"
3965,1.50,https://www.sunrom.com/m/3965,BC847
3964,15.00,https://www.sunrom.com/m/3964,"32.768 Khz RTC Crystal"
3963,15.00,https://www.sunrom.com/m/3963,"20 Mhz Crystal"
3956,9.00,https://www.sunrom.com/m/3956,"USB A-type Plug Male PCB R/A"
3945,18.00,https://www.sunrom.com/m/3945,"CD4511 - DIP"
3944,2.00,https://www.sunrom.com/m/3944,"470nF(474) SMD 0805"
3942,2.00,https://www.sunrom.com/m/3942,"100nF(104) SMD 0805"
3939,12.00,https://www.sunrom.com/m/3939,"DB9 Female PCB Mount R/A"
3938,8.00,https://www.sunrom.com/m/3938,"DC Socket - Suitable for 5.5x2.1mm DC Pins"
3937,12.00,https://www.sunrom.com/m/3937,LM7805
3926,0.45,https://www.sunrom.com/m/3926,"1M CFR 1/4W"
3924,0.40,https://www.sunrom.com/m/3924,"47R 1% 0805"
3920,6.00,https://www.sunrom.com/m/3920,"10 pin FRC Connector"
3915,1.00,https://www.sunrom.com/m/3915,BC857
3913,2.00,https://www.sunrom.com/m/3913,"10uF(106) SMD 0805"
3912,2.00,https://www.sunrom.com/m/3912,"1uF(105) SMD 0805"
3908,12.00,https://www.sunrom.com/m/3908,"Slide Switch - 12mm"
3887,20.00,https://www.sunrom.com/m/3887,"ULN2803 - DIP"
3883,6.00,https://www.sunrom.com/m/3883,"Screw Terminal - 2 Pin"
3872,3.00,https://www.sunrom.com/m/3872,"10R SMD Resistor Network "
3864,6.25,https://www.sunrom.com/m/3864,PC817
3862,20.00,https://www.sunrom.com/m/3862,MOC3021
3843,1150.00,https://www.sunrom.com/m/3843,"Mechanical Platform without Load Cell"
4618,135.00,https://www.sunrom.com/m/4618,"Lithium Battery Charger - MicroUSB - TP4056 1A"
1260,1250.00,https://www.sunrom.com/m/1260,"Heartbeat Pulse Sensor - Analog Out"
1256,480.00,https://www.sunrom.com/m/1256,"Touch Screen, 2.8 inch, 4 wire Resistive"
1255,890.00,https://www.sunrom.com/m/1255,"Touch Screen, 2.8 inch + Serial Output"
1240,300.00,https://www.sunrom.com/m/1240,"Active RFID Transmitter Tag"
1232,480.00,https://www.sunrom.com/m/1232,"Relay Board - 8 Channel"
1211,750.00,https://www.sunrom.com/m/1211,"Humidity/Temperature Sensor"
1199,60.00,https://www.sunrom.com/m/1199,"RS232 Interface Tester"
1190,946.00,https://www.sunrom.com/m/1190,"Load cell amplifier for weighing scale - Serial Output"
1166,425.00,https://www.sunrom.com/m/1166,"Ultrasonic Distance Sensor - Serial Out"
5368,180.00,https://www.sunrom.com/m/5368,"5V@0.7A AC-DC Isolated SMPS - 220V Input - 5V 700mA DC output"
1157,749.00,https://www.sunrom.com/m/1157,"Heart Beat Sensor - Digital Pulse out"
1139,500.00,https://www.sunrom.com/m/1139,"Metal Proximity Detecting Sensor"
3882,9.00,https://www.sunrom.com/m/3882,"Screw Terminal - 3 Pin"
5367,15.00,https://www.sunrom.com/m/5367,"PCB for DTMF Generator based on Holtek HT9200A"
1133,147.00,https://www.sunrom.com/m/1133,"PIR Motion Sensor"
1125,2950.00,https://www.sunrom.com/m/1125,"Fingerprint Sensor(R305) with Interface Board(PIC)"
1112,99.00,https://www.sunrom.com/m/1112,"DTMF Generator based on Holtek HT9200A"
3770,950.00,https://www.sunrom.com/m/3770,"Logic Analyzer - 8 Ch, 24 Mhz"
3764,1750.00,https://www.sunrom.com/m/3764,"Mechanical Platform with Loadcell"
3763,590.00,https://www.sunrom.com/m/3763,"Load Cell - 40 Kg"
3735,18.00,https://www.sunrom.com/m/3735,"Micro SD Memory Card Socket"
3734,5.00,https://www.sunrom.com/m/3734,"12.288 Mhz Crystal"
3732,160.00,https://www.sunrom.com/m/3732,"DHT11 - Humidity and Temperature Sensor"
3730,19.00,https://www.sunrom.com/m/3730,"TCRT5000 Reflective Optical Sensor"
3719,270.00,https://www.sunrom.com/m/3719,"Ultrasonic Distance Sensor - PWM Out"
3700,120.00,https://www.sunrom.com/m/3700,"NEC Protocol Remote"
3679,100.00,https://www.sunrom.com/m/3679,"ST3679 - Infrared remote control decoder NEC format"
3617,100.00,https://www.sunrom.com/m/3617,"ST3617 - Infrared remote control decoder RC5 - Serial Out"
3533,7.50,https://www.sunrom.com/m/3533,"Phototransistor - 5mm"
3453,5.00,https://www.sunrom.com/m/3453,CD4070
3437,170.00,https://www.sunrom.com/m/3437,DS18B20
3434,99.00,https://www.sunrom.com/m/3434,"RC5 Protocol Remote"
3419,10.00,https://www.sunrom.com/m/3419,"10K NTC"
3305,2.00,https://www.sunrom.com/m/3305,"2 pin Shorting Jumper"
3039,7.50,https://www.sunrom.com/m/3039,"40x1 Header Strip 2.54mm Pitch"
3023,845.00,https://www.sunrom.com/m/3023,"128x64 Graphics LCD - Yellow"
3013,150.00,https://www.sunrom.com/m/3013,"16x2 LCD Black on Yellow"
3001,65.00,https://www.sunrom.com/m/3001,"LM35 Temperature Sensor - Analog Out"
3834,115.00,https://www.sunrom.com/m/3834,"ST1159, IC for driving 16x2 LCD serially"
